XLP,PBJ,FSTA,EMCG,WBIL,RHS,KXI,PSL,PSCC,UGE,IYK,VDC,WBIE,WBID,SZK,ECON,FXG
-0.029987800897592835,-0.03938027759845061,-0.03309457635941934,-0.07809014268686643,-0.04209554937413084,-0.031380558829772615,-0.04340504515903781,-0.03726029223744299,-0.04352786459745546,-0.10228818091551185,-0.05220763554951088,-0.032642683936997936,-0.05748288329519456,-0.05185180246913579,0.10337640683618161,-0.08858161348788457,-0.028935184515389248
-0.014906853310700968,-0.023793787177792427,-0.0162967753120665,-0.05707547506341244,-0.005125862307822124,-0.0192080723237817,-0.015489748724840598,-0.026049456033555844,-0.008627319785276217,-0.06415390260173451,-0.021308235454742638,-0.0164267462273177,-0.00970429804548521,-0.010478991493064287,0.05177861864737628,-0.040490197123068866,-0.02783730734802073
0.0200852501504312,0.013368112161721556,0.01871381485926555,-0.011872740289958869,0.0033439067434516165,0.017098566060214093,0.02303324751233452,0.01148571693219698,0.009870918754745694,0.042682318565947036,0.021148622018847135,0.017733053474989244,0.006929512183929183,0.006050986705139033,-0.04158081343841853,0.026957022967494953,0.0056778093210316195
0.028959752914095707,0.028508077288565047,0.030353019807093963,0.06883333333333337,0.008198940958035042,0.02787638251447694,0.03738215509854327,0.02983463389350527,0.01403705783267827,0.03798889041561434,0.03029163602187289,0.03006124420524744,0.009049567985447843,0.012247696832858278,-0.06535096777855125,0.06085686169148677,0.027157674864035038
-0.022768425896263753,-0.047445290227116486,-0.022604589156699977,-0.032110032562497996,-0.017338284910965323,-0.02031625316064179,-0.020774108900065667,-0.04566810835685225,-0.03426248548199774,-0.04259634933913051,-0.03233953547305499,-0.022417688884944404,-0.022077667770284297,-0.02238923115452042,0.054726448809019626,-0.02290841633466145,-0.019235279867809534
0.008787677251847419,0.010830325265189485,0.0067024463806970615,-0.002529374568866493,-0.002254367837685434,0.013162499885264124,0.0,0.0026241612980004814,0.003664378154845884,-0.02159447002738638,0.0008732486099989714,0.006531848587392723,-0.009619897213510047,-0.002762430939226505,0.013900164100578982,-0.032921757565753,0.0030401544920557744
0.015145554681353325,0.02402306290913078,0.015831134564643815,0.016619614662543063,0.004255670591388819,0.01948717094017097,0.01539455269673815,0.02699259430995463,0.03481018177940846,0.06591280360902196,0.025160830257653925,0.016638298896159295,0.009390108283288862,0.010928912614451588,-0.07895893250992492,0.03379721502001912,0.020389552330375715
0.004893325504012527,0.014520233585858645,0.00492284230137315,0.005061866981897236,0.002146716965480632,0.007044063361723506,-0.0033484337146589506,0.02106759582458824,0.02024440925608569,0.038777907203939276,0.016100475088891814,0.006687639532251111,0.00802370155751637,0.001983192860684369,-0.03752860411899315,-0.020284078107712086,0.020421880152112184
0.018255207181875347,0.007518796992481265,0.019942135734963076,0.0890925810283609,0.005707080549368972,0.015704594567743577,0.022799198285817914,0.007266926879366492,0.03349194429754974,0.028723531896686905,0.02680922826522137,0.01885511784765421,0.005685373942474584,0.003999753296121267,-0.057087566521528764,0.08661421954608625,0.016986564439154462
0.007816968392431425,0.00992561973166138,0.007660389403127943,0.012446243989185236,0.0008344923504868189,0.007955573182324874,0.010548323759791124,0.001062358356940461,0.021052648471912943,0.037620218302234484,0.005046381859544145,0.008524639453365531,0.0041096347031963874,0.006427288784221433,0.0014493236014818845,0.0013876502595907448,0.00982955460527634
0.0037986893143897756,0.004938271300106605,0.003181673560292759,0.02346842885375489,0.0024049579132365,0.003550784534282212,0.00725760527766117,0.007904444054101577,0.010078578577407325,0.02715937618594167,0.013950595219916581,0.009407437037037038,0.00454545454545461,0.00478515624999995,-0.03500005000000002,0.035682381801962516,0.010590036740868955
-0.006307377675840985,-0.019830091281082818,-0.0073717625842383595,-0.014028106915235749,-0.0019462465245598515,-0.00908254297004344,-0.007836990923176215,-0.015700285739523385,-0.02164052393788007,-0.022768744413592668,-0.01680521322732198,-0.012297532901188181,-0.007326007326007333,-0.007874015748031503,0.02391410444119075,-0.014479638009049786,-0.016923076923076992
0.024244666621496946,0.03581186537748514,0.026824702843895713,0.03106800970873794,0.007816091954023066,0.026367028616468786,0.020169980959762013,0.02385926589548122,0.04308620502528048,0.04146667758242386,0.02501759227495396,0.026285089193957233,0.01265827248380333,0.009263773768893285,-0.034848537113562415,0.027288689581368226,0.025695952340557774
-0.0039318292454597155,-0.006106900763358789,-0.007225918944392129,-0.007827739343065545,-0.002997509937630263,-0.008179289903823165,-0.0011275112982269582,-0.010026385577005654,-0.03028220974332777,-0.019400258939230204,-0.009066640000000032,-0.006318890243105581,-0.013284516720110112,-0.0034246084430230336,0.0035229993194264226,-0.031320833802957866,-0.0034379028053737382
-0.006975848284768939,-0.008312807881773496,-0.004417765717331343,0.010169443099273428,0.00023061317516788558,-0.007748120672601442,0.003371151292266906,-0.00780000000000005,0.006665510397043528,-0.00017794392048215617,0.0011541951830115295,-0.005466939971432155,0.009977279364049014,-0.0044226535626536055,-0.0005035246473553331,0.04134025239338548,-0.009763527880234331
-0.020785258290709503,-0.021383679917725697,-0.020940720974847976,0.010114567853890134,-0.009682571455171912,-0.021556062284337055,-0.012201426946541277,-0.021365200072424404,-0.0034298918979609725,-0.026027424657534257,-0.010225123512873352,-0.019814699610177126,-0.003184667879890776,-0.0004916420845625154,0.024078574938574984,-0.008779586971923234,-0.013635341683849972
0.006500956147245881,0.01486988893648965,0.007672634025810996,-0.007777729092863345,-0.0014451540720711764,0.015501907042242594,0.0025783828382838284,0.014629777245847993,0.052024014047277266,0.014490153771126363,0.0042868893070742795,0.008515717058180132,-0.010017508042344869,-0.013452914798206256,-0.020561633873538876,0.0008771053016273166,0.021097954335888968
0.017655953506538265,0.01824823545473747,0.015733165017836215,-0.024245523218482123,0.005977757182576357,0.013816244277305349,0.007066072563930996,0.008315658174097724,0.006461024067194325,-0.0006304485097424624,0.007006039251400543,0.015589454533809362,0.002658157653528912,0.0034756208279851084,-0.011669305513409842,-0.045871561737227604,0.012542516740167658
0.0,0.007246316643910525,0.0018843907035175154,0.004923683157246728,0.0,0.007223431598274772,0.0012273090406998818,0.008247095692328645,-0.0037289234760051375,0.025964947368421098,-0.0004436429814891915,0.000954966241366614,-0.00925064712069154,-0.006999949999999977,-0.028168961919666044,-0.011131725933753615,0.008849515567836244
-0.020705559815951066,-0.03532350734604569,-0.021167415009621555,-0.042393761157552765,-0.007940214852872404,-0.02435982727269554,-0.014422058817639645,-0.02463148192433452,-0.0016238713340736715,-0.051660468096842015,-0.017605606399320906,-0.020160399768588706,-0.00933711484593839,0.0,0.05752212389380522,-0.002324453742445194,-0.02130402364312393
0.01584905660377365,0.019914185659135518,0.01640381651722978,0.025800049999999963,0.014726184997699046,0.017801731322895017,0.016028566249252304,0.021291623392869146,0.014404577464788678,0.04409164137808587,0.018867898120895572,0.0155673609928546,0.019365471775854886,0.020232204967422732,-0.03353658536585367,0.027576897487482047,0.014422077861205545
0.010455582329059325,0.0006124004898959156,0.0109203747557059,0.012345679012345678,0.0014245668857129179,0.009704067290827553,0.011305178156858732,0.006815781076270919,0.00841133180166105,0.004477271412239461,0.00519918914700763,0.011450718317769028,0.006684856753069508,0.0032714843750000083,-0.012866700977869275,0.035745421283983385,0.009245597814667005
0.010530204867352585,0.007596475235490733,0.010191537671663455,0.012772962791193556,-0.0018877072692315227,0.011115545515020924,-0.00639981701747615,0.004176783922324691,0.00426676681837496,0.020887004148710607,0.007087216667361892,0.01025047289576601,-0.0031934306569341574,-9.761695001371781e-05,-0.015682227688564008,-0.026857699194270477,0.0020968547304854594
-0.012343369883235958,-0.01012885143469286,-0.011875031250000001,-0.026575145059048677,-0.00300152375887656,-0.01115876948587006,-0.00891669570564737,-0.01627163041613658,-0.002693677662911026,-0.018560628286453554,-0.005542820498229114,-0.005735399820843677,-0.004582951420715005,-0.007230436635209322,0.0062338181818182865,-0.013151973385577033,-0.010809643916913959
-0.006968041693711628,-0.001229286993568212,-0.007239534151715468,0.018614930323431603,-0.004220089232985178,-0.0023504701495493593,-0.020499947704214976,-0.004976946497580888,-0.00015852615399456347,-0.03441406416940728,-0.024979754937142686,-0.01301760672929612,-0.010934025203854737,-0.006186281608744018,0.023833621898256583,-0.010540742438130128,-0.011578066285979204
0.03261069470961362,0.03926773071354375,0.03375915347447832,0.03282504238159501,0.013224819785621365,0.04006848237818784,0.0457131640739962,0.0325022172828129,0.03840300037779635,0.07883535825625096,0.03941443971908458,0.03409819466937007,0.015912140796419113,0.024194812179706912,-0.07936502463054178,0.0663243874058885,0.03115911988282343
0.014365236386518956,0.01854532127182378,0.014683788273412893,0.004398316515243778,0.005596969421186591,0.01252308658503123,0.003382035280653095,0.012398080631826066,0.015896775644871172,-0.011561139240506354,0.015688924076474427,0.01511221651007844,0.014247146067415692,0.0160607745307674,-0.028137310073157007,-0.0034349504750988136,0.02372747873195143
0.00017956911706339227,-0.0002897971014491581,0.0005989817489960399,0.036280855228767075,-0.0007286430204299766,-0.0020016167206291214,0.0015890753483152667,-0.0035793933383123752,0.0016469680843394043,0.04466304273901832,0.00542740002420954,0.0008389374168695943,-0.0018010356506544722,0.00665538531788039,-0.02420749279538894,0.030391298917568667,-0.005915973072215353
-0.0036036216216216274,0.003753999314062972,-0.005117338798394152,-0.0018265296803654672,0.008130081668025356,-0.003011342869714333,-0.004088592024104497,0.00034079060045648666,0.0002993114892772394,-0.0004032421774380929,-0.0009337068319108148,-0.004071046507538155,0.005373981191222502,0.00018876827801949303,0.01588196346466024,0.015977058582548158,0.001832640972660556
-0.01462520997028866,-0.008444991263832167,-0.012804939414784854,0.016349263384836544,0.001353225078935596,-0.012429620269381266,-0.0029002900870144237,0.00508565841377669,0.023531131936016712,-0.021502793413316797,-0.007525853074488893,-0.012507951904230787,0.00401427297056215,0.007494098360655696,0.03503015873015882,0.009736308316429958,-0.0008151823925005854
-0.002015039384502599,-0.010297086772751568,-0.000610128145519563,-0.0069651285859281,-0.006811989100817536,-0.00494930469833203,-0.006239267258946019,-0.004769255744664683,-0.004846556313500052,-0.010237203751240957,-0.004812210926900207,-0.000640108115492608,-0.006283617312225414,-0.007455691178543482,-0.011068068622025418,0.0064489724485679795,-0.005326756702996186
0.009076057360682519,0.002640844915443265,0.007268352513628303,0.03660130559471435,0.000590069414511564,0.00733053910412659,0.01467522091572079,0.004746617909930021,-0.010537237037870397,0.014275215006763115,0.005469609341601439,0.00692098134515629,0.0035778173712961055,0.005910591710733256,-0.016882386043894245,0.031993758563939094,0.0030636847030980647
-0.0030954480369792398,-0.004420925434718557,-0.0030377280095826094,-0.004112705455341799,-0.01249947153163931,-0.001796843749999999,-0.0020866255961844078,-0.007687068539681103,-0.007325429919650618,-0.0022200295456331217,0.0011097575645361156,-0.0033302698458771846,-0.009480857787810468,-0.005092032300425974,-0.000563063063062951,-0.0015630715123094224,-0.008029627341980565
-0.011231761899617713,-0.0068248959399140495,-0.010746023948418771,-0.011775166002656167,-0.007453703703703602,-0.011857707509881422,-0.01074620869739889,-0.006706775349724031,0.00044828154358267396,0.005397375142167383,-0.005407235337615075,-0.01030856166785665,-0.010216135628197736,0.0004712535566094047,0.003925967470555061,-0.025651261496943408,-0.011875000000000005
0.009303155782561119,0.013177188100896752,0.009428253971160152,-0.0007974038278661983,0.007352941176470594,0.003623180557838507,0.013865524138545771,-0.0008606540743770984,0.009912679977078365,0.00754813732651581,0.0055479854712193475,0.009150191776143951,0.0012298091937233255,0.007669378616284367,-0.0028120920803095637,0.011881148514851473,0.00846932451972726
-0.04042514785395991,-0.045301625056726386,-0.03820653615408899,-0.0007537574817113938,-0.030791045438605193,-0.048476366288755984,-0.03230757657310263,-0.040659070726882636,-0.04257278906145941,-0.08765895591413973,-0.0407746646531048,-0.03982883847427582,-0.031141285526477814,-0.029561916225325075,0.041509328383252074,-0.033988533988533916,-0.04988069724830395
0.0018943360126097264,0.003355735306764253,-0.001581245996798029,-0.0091722595078299,-0.0012332100170745982,-0.0004957200735000885,-0.002870911573278215,-0.00017918308849874714,-0.002784222651686953,0.006054329768132365,0.006968957242687425,0.006011671818695131,-0.006524253025718568,-0.009575657415058532,0.021624473714370984,-0.008257679944578192,-0.0039190289571087375
0.010311192350956124,0.006064311704063079,0.012183599636588355,0.03036872149105075,0.010605303172468383,0.012564257159174265,0.019799015075376965,0.0132579105532968,0.014331362362028482,0.029381630796668955,0.012199381104925418,0.0049606652325553295,0.014352237388268229,0.013758436540822795,-0.028757406402604456,0.028479783393501882,0.006704195211756355
-0.0024431686232508133,-0.0024315500041609795,-0.0028194862155386667,-0.014971378906709765,0.0055996733551097536,-0.0015525658167812354,-0.0020140583277317766,-0.003014148829285496,-0.0004575656027324191,-0.005911051143664853,-0.0075504827471381385,-0.0014611118694801055,0.007400647206260637,0.0009577586665592043,0.002705627705627744,-0.0040273862263391635,0.004092138703424417
-0.016816299758597292,-0.017316079158936213,-0.015913430935709738,0.0037726355500964886,-0.0028076273838264065,-0.015938884409255283,-0.021184759794009883,-0.010571599882250511,-0.010013772299259023,-0.02773372879731283,-0.01298470272172348,-0.0152796164741336,-0.013358425749164656,-0.006556112926924034,0.01910828025477704,0.004410625324353596,-0.01619612642145165
0.0007637387963287839,0.006756787261769321,0.0006361641019031965,-0.015411981496125503,-0.018346437057591827,0.0037218177579417203,-0.006521043370251532,-0.0014355104970393483,0.005058154661500744,-0.016375865771812187,-0.005994497789957025,0.0002224619849108769,-0.011377104118374313,-0.00944038975379021,0.007376185458377269,-0.02338941225320427,-0.0004379461544973267
-0.0026804327015126,-0.00277178925864512,-0.002551020326817013,0.017935257308168976,0.002187199847843581,-0.004069141406230618,-0.004993259232149354,0.0017911874694183868,-0.020810483492411255,-0.00485567844618289,-0.0009850707152043708,-0.002751412931332982,-0.0005216752039460352,0.006766650228774885,0.006282722513089057,0.01971037732460262,0.002620724991903889
0.008353863996729272,0.0009230461538460478,0.008849494590691962,-0.03626482485334668,-0.00964954392702835,0.007172916092234274,-0.0011456155444956341,-0.01693989009326447,-0.01670377001743911,-0.00026980571317309287,0.0024121861877959986,0.008113335180508462,-0.01341023792357606,-0.018710094471201335,-0.006852978748180408,-0.027697394473030327,0.004132209656372187
-0.02053859677313309,-0.01976777471704497,-0.02196382499883155,-0.027958994779077012,-0.0028887818969667175,-0.025274707727606736,-0.018671694914667962,-0.02808988658839376,-0.0284686195757301,-0.03231194806061568,-0.02014217079710025,-0.022011140599694178,-0.008482840934699112,-0.013928361040387345,0.035587239450940715,-0.034645082747865145,-0.02817529006763648
-0.021171349007294248,0.0043735397921609975,-0.01942699968959493,-0.06237613552593386,0.0601809954751132,-0.0193881942424422,-0.03343933779190885,-0.0041369311771342785,0.049307854264926884,-0.02017627224143997,-0.010499161714879954,-0.017721502828315996,0.05184300265847058,0.07306806695659114,0.02139303482587063,-0.059836811415993285,-0.02053858968507538
-0.0007920990099010639,0.019001010756941262,0.001315323906609606,0.0,0.01869366369166553,0.005569785918674809,-0.008179484731303373,0.003186466848602312,0.02131223865695731,0.004807748732812642,0.0018385457054471586,0.002525153180869764,0.016365369965399366,0.03267676812891671,-0.007518746490288452,0.010318617751520176,0.01638606097387341
0.014057028230046372,0.003968162635418841,0.012662305605918998,0.024154588205092357,0.024008709685429678,0.014940524901320801,0.011148715950348932,0.008917034779229638,0.014699205480701916,0.027770085998627493,0.015030812838992914,0.013214529128609107,0.01863353954598308,0.019917565152339934,-0.017857193877550963,0.0031305901998841716,0.003132691947475778
-0.012853490211587961,-0.026315726817042424,-0.01182647792948487,-0.018750971996653442,-0.0006505637749595144,-0.019798597224732706,-0.012505511288180617,-0.032214763865205595,-0.01926301670918705,-0.04241903245683682,-0.018725190712104448,-0.013856974960074125,-0.0010659086398157876,-0.006802208781016376,0.024390243902438945,-0.014519055602583698,-0.01475926397004388
0.028247520594782527,0.04459742592038297,0.029646157805350393,0.016505324298160748,0.02494718816067657,0.030947606713737325,0.024927139849511955,0.03888676884949379,0.058442449137146205,0.0730605757986338,0.03609848816485736,0.030145516862330156,0.023590547423701036,0.041165551414534936,-0.08068854222700376,0.032484634219287434,0.04344048558991126
0.00019208453779213241,0.002388832344650426,0.0003186105901404253,-0.02991032053391441,-0.00788408267632639,0.0024962805791313345,0.0031196428571428703,-0.015534306569342996,-0.014456745862000036,-0.013735469600445095,-0.0027638818557816354,0.00022280453151503904,-0.012335923979802573,-0.018856570392947962,0.011170160168625532,-0.03875973552211594,0.001301453418718058
0.00019212446807290816,0.003570336103233081,0.0,-0.020086345279107666,0.0009366883808063383,0.0008313851083420514,-0.008789994383288164,0.01147084202536248,0.013114224140571132,0.009602586844353968,-0.0067318909709400965,0.0007417179844479236,-0.003701211720643252,-0.004551322063285626,-0.006423929336188435,-0.019999999999999987,-0.0037012410189418603
-0.006768555536038659,-0.004182850188740674,-0.005769166481757409,0.023584807526554463,-0.012370646018506551,-0.007201482284399395,-0.0007602084978233729,-0.008019395897415061,-0.004923909996064725,-0.005093914345681467,-0.006231963455274936,-0.006119807219949061,-0.015890778871978532,-0.017195767195767223,0.0010695721353170303,0.029345372460496552,-0.003934426229508191
0.007866462161674326,0.0,0.00731781737193762,0.00592305034550849,0.010660980355608514,0.00731508709937448,0.008186062394918585,0.00593251772214531,-0.001595604827513595,0.021254315894665136,0.013278656209595011,0.006230045149743534,0.006581331973437778,0.005699211122280101,-0.027472525963048024,0.020778115792302723,0.006945951812459307
-0.011645943322981304,-0.009653061257733945,-0.011586739620212404,0.01650485436893203,-0.00042662114220891074,-0.009736478174722837,-0.0030250432805757647,0.0,-0.02711559771533398,-0.019529159456148863,-0.00781393058429782,-0.010568160853967447,0.0014209147424511103,-0.004403346737267486,0.024128632707774707,0.009632180385288873,-0.0032665942189283336
0.020159793831883027,-0.0015106949553290387,0.018015139633853948,-0.006842668956142256,-0.00904007748600955,0.01585989618139586,0.01185011234867326,0.0075436801304021965,-0.006296941812456165,0.019669551018370025,0.01747267913872215,0.01738106508602943,-0.004325915354769715,-0.010231272241992856,-0.03095632946379208,-0.0026338453628688466,0.0019560965857898173
-0.003818270259292288,-0.010070125114433818,-0.0034886773394012063,0.025250166746069492,0.01734344405006105,-0.0032319549719392604,0.0017052541467495108,0.010018287431027803,-0.0024045085301395244,0.022307666666666667,0.003955322245459938,-0.0039928569952360415,0.012724550898203658,0.013299433204607322,-0.017435263361346136,0.02649568376068361,-0.004585131104478763
0.011698094339622642,0.008171942851938794,0.009113733500942744,0.011630644629655785,0.0015206115255697052,0.013085785877626308,0.012211769917081085,0.010275806557133518,0.0022492277028272264,0.007128284295526499,0.004027015564378413,0.010173460800210135,0.0013191891074141701,-0.003877550121172152,-0.006225297113752148,0.013074610420692183,-0.004165709182948618
0.011562831248840567,0.009889062328110836,0.012721067328575756,-0.0038761047565063294,0.010200627090301099,0.013394682482046342,0.007004034831526881,0.012110435899895376,0.02012923949836123,0.034414970501475003,0.015598052261306058,0.011789310422005962,0.010356788511749282,0.014974001086197865,-0.035756215460505246,0.014546966523148979,0.014477053035372637
0.015424164807641593,0.005661561213898646,0.01527650473571647,0.021281471200555,0.014421096003296163,0.011170525633598893,0.016551784375523067,0.005314419746423028,0.006858324921324026,0.015488867376573102,0.01368466615070688,0.015172049399330685,0.014579759862778725,0.011201235517735879,-0.019724985056784057,-0.003754693523349745,0.0072930074494425325
0.014833574798002444,0.002081474811731355,0.013859566551960528,0.011659853147697779,0.009104642142652962,0.010031564139519117,0.011985780070524399,0.009127610863127826,-0.010171035387443189,0.02015646289572979,0.008595230615913484,0.013283666104046112,0.007701757699747143,-0.005263384733449034,-0.023241590214067215,0.015201355792933526,0.004484368802717548
-0.0025389917036451265,-0.011732821195377665,-0.002719063608402662,-0.0018323866239122186,0.008460853372196712,-0.0026134553563028576,-0.0036700990384381242,0.012480464768252065,-0.008023669776062201,0.019302372093023264,0.006529920632815116,-0.0033143008717904103,0.006804242802626873,0.009020864002602139,-0.004917025199754263,-0.0028842192006592617,-0.0036434204886413154
-0.0016348774138941638,-0.008189293048550426,-0.0012098305744152765,-0.01638881570030636,0.00032371510820369077,-0.0038158517861844985,0.001425307892688356,0.0020757999986887993,-0.010358834854243689,0.0041685965724872565,0.0005856760521840323,-0.0017660356282288164,-0.0022024564929073744,-0.005588950988821925,-0.0024645717806530587,-0.004968944099378924,-0.009738173766244841
-0.0012731720625682578,0.014938750674073777,0.0015101177435785718,0.04457290925266894,0.004431950040290107,0.0008737172220219417,0.01385399056319638,0.02066742369417958,0.026596507379804322,0.021527327860246373,0.008215127238982175,0.006526822705915332,0.006313089225589271,0.008947550445144727,-0.023974763406940113,0.04014308426073138,0.008581892113669075
-0.005118811606603015,-0.010567693555787953,-0.005771658916868839,0.016192560175054747,-0.019301848049281266,-0.0062340072034685265,-0.0002008635485837366,-0.007681751188741786,-0.008845613774270554,-0.032763889538965675,-0.014991989851124687,-0.011859096129713958,-0.011494252873563352,-0.026145461699894977,0.021000678134609294,-0.0011938321207255985,-0.009092920742431792
-0.0021985891462591,0.009865530347816742,-0.0015211135236115974,-0.007495590828924237,0.007135575942915277,-0.004899212835929413,-0.002213887446636056,0.005939216019005589,0.02163565493622804,0.006279069767441933,0.0001683957894737145,-0.0012799203731508491,0.008818895684159578,0.015199138858988225,-0.018879861548143594,-0.01248988718775172,-0.001083658454348997
0.0021937659562382816,-0.002097064047421697,0.0012154664235793566,-0.006881243063263092,-0.0016336123490457736,0.00032116418335215716,0.0003018108591185052,-0.002551905453417976,-0.023321062730627416,-0.01367284364322696,-0.005674102207416904,0.001136392021241753,-0.005302452078665143,-0.016633881227134377,0.02991447069074897,0.009181597172918027,-0.0013020181726553666
0.00255286287381479,-0.007242064189561505,0.0027272727272728307,-0.0038773509225421047,-0.012195121447080475,0.0035202416756578885,0.005403241837037448,-0.004614613044423632,0.0123906417606601,-0.0011800566717030058,8.463036953605996e-05,0.002762228164002639,-0.014371729776247942,-0.008075103341492121,-0.01361379950495036,0.0031834462070610627,0.005610660336642276
0.002909090909090847,0.015740986976001712,0.0030210877958361014,0.01241192836320103,0.007793191459933845,0.007149106419486135,0.0017978425529794997,0.010652705624834388,0.026674303631910985,0.0032933193739504763,0.00463589855559594,0.0028250159707610446,0.018581081081081134,0.024870869191049846,0.007371068343300593,0.008287332280978764,0.01676216811453063
0.0032620514679231553,0.0014828884494992687,0.004211913103976487,0.00612432169184956,0.009748253056529283,0.0026935276235396533,0.00871285148514852,0.003538315199269314,0.010806975438596541,0.0077031279178339735,0.003192723992422891,0.0040096228472252275,0.007211093711684273,0.015045518755902446,-0.0124378731343286,0.011314826816809401,0.005905905927019544
0.0007243933226296704,-0.017808632121683408,-0.0021104613874262036,-0.013297961582356577,0.0029158433061655773,0.0007124525015832551,0.010579956689264244,-0.007982285869866058,-0.02724912013770016,-0.001168473915202752,-0.0022736589473684515,-0.001549964752008544,0.005337823185988371,0.0,0.012891404979042167,0.004660233009708817,-0.019569892473118206
-0.004730749722175344,-0.007910009367508653,-0.004847016349410373,0.039591358024691395,-0.005579271024231294,-0.0038143993583724676,0.0030276198847543033,0.003047748001223361,-0.006676327817813361,0.004883697674418518,0.0006732474850922534,-0.004671595446429675,-0.0035572295459301464,-0.016587678439796485,-0.014953396570305113,0.03049695144943333,-0.005840363400389426
0.007046052648457243,-0.00182864974615515,0.007218105263158016,-0.023351049925938738,-0.0006112061690624846,0.005374652356338613,0.012442129629629688,-0.00033875338179611514,-0.004812629429779896,-0.003969133599386702,0.0020156042663977973,0.005140455078531619,0.0032120807608877746,-0.014467371825691615,-0.00312493749999998,0.0,-0.003908816588682167
0.020354017699115056,0.01352967609919869,0.021195201024574693,0.02724922659660129,0.010483790745314123,0.01648011517786148,0.01575845892380699,0.022030777240860916,0.00392208041383393,0.04758725711391474,0.023215766641250815,0.02129573309597247,0.009298714332408338,0.0047416476099857155,-0.009463722397476363,0.024605251560778654,0.01180255415461605
0.01344508468657243,0.006571146953405046,0.012786951467596432,0.0035050675675675005,0.018404908703934637,0.011298147634323838,0.01265353805129751,0.014206449568698643,0.012905105044597229,0.031236472694376165,0.014391963130659817,0.012790788210390156,0.014459066471163221,0.01823617261429968,-0.06662180349932707,-0.006654381022343133,0.008510680851063844
-0.010587648159084168,-0.012397943755669688,-0.010572716903750773,0.0008439240150243286,-0.0021816740254531433,-0.010484669559050601,-0.01871477060193752,-0.020496651241348286,0.00014339784946236655,-0.019323605197110027,-0.008397863703255432,-0.009963560846310431,-0.0039254581258365735,0.0006401621852325882,0.013934970139349757,-0.015771686660596636,-0.009883949078557094
-0.012868578858470429,-0.03279200499687686,-0.013091281966935842,-0.013253613221616674,0.005758084644341308,-0.010754345009454002,0.0008585766075175071,0.00398343568464737,-0.037329001705205284,0.014072267029059614,0.006077795687555986,-0.0065011620859303345,0.010719711552133452,0.0017042608310293547,0.01760104302477181,-0.013703806623524873,0.0
-0.008289763622643161,-0.010094605359791717,-0.007192148852027356,0.004680893617021296,-0.007790182829888813,-0.008630213571728888,-0.018559867124288445,-0.007019856024741561,-0.0016386266187379229,-0.0076352312390924265,-0.0016234172473235079,-0.008579764170062846,-0.002880365111561969,-0.016897703639514712,-0.02540106951871651,0.011662904439428095,-0.009763527880234331
-0.01001097579197269,-0.006029863535385552,-0.010293672730659285,-0.014242555028053442,0.00612289132439703,-0.012506052789899868,-0.006553266951354995,-0.004701981607086184,-0.007655268343353363,-0.01438373565797165,-0.01207585610591006,-0.016593369264122353,-0.0028070868885353316,0.01240911371805263,0.012541254125412508,-0.0176109870746175,-0.0017387959895153106
-0.00788847946756491,-0.010583707504810835,-0.008549587786259437,0.004297378599054485,0.007371642551856558,-0.011678791281132379,-0.010276700010936772,-0.006252095302467049,-0.010772249384175371,-0.027278857591322595,-0.0066154221450425,-0.008366091882756103,0.00763023819136056,0.006377508503401257,0.013029315960912006,-0.010054137275555463,-0.008327788552974082
0.0038377740526723946,0.013291139240506383,0.0036507150486983575,0.0399768967366641,0.002230007911972046,0.005003187621097192,0.013645243930706515,0.01596273721254961,0.0021195911225015854,0.021574666849970177,0.006898226334028708,0.0031362678876174282,0.008803521408563381,0.00042503185613985273,-0.01053324555628704,0.04996319066727363,0.011053272888020566
0.006535965630502281,0.019242736832938086,0.007248625573886392,0.011460032626427358,0.004944174095846283,0.006175346761162249,0.008504116408808882,0.00824538272172465,0.032092541972231534,0.01962498866932008,0.008468374048829393,0.00834104751296365,-0.0076613309540858755,0.0017393407890772179,-0.01673360107095047,0.0018335533553355972,0.00816855116079121
0.004698192988796586,0.001858674159190436,0.005407028975457216,-0.0027809586127923213,-0.004968740413487633,0.010553840911454684,-0.0017424975123912561,-0.010329873375541367,0.0017554563815760766,-0.018658396268325207,-0.0049918249997992796,0.0037323873239436876,-0.011006848307914764,-0.024915211101626727,-0.0026845637583892044,0.007280633683313868,0.006619730658990731
-0.00581606688476918,0.008294931130412728,-0.007871692639167418,0.0007355537693318297,0.0019913708953185334,-0.005826450588024178,0.0011602591599353086,0.01622681580812366,-0.00945067912801715,0.000665904565280824,-0.005099481738781257,-0.007520916595417725,-0.0047102189346624225,0.0031209796272215085,0.01844532279314884,-0.000728524563623787,-0.0064475178690634365
0.0018142054030152802,-0.0071163056930692884,0.0018132668479905363,-0.02085940846305417,-0.014096258724856916,0.0021503425000053713,-0.009074056182535905,0.004406021612369814,-0.0037053504712412856,-0.011223344808604822,-0.0030525781953022802,0.0012754606460976426,-0.018990067570537058,-0.026702315385060876,0.007843137254902025,-0.019309357593761626,0.002572411465277195
0.0014493115679472606,-0.0015494267121164286,-0.0015132868791377966,0.01762299180327872,-0.009110121069245093,0.0033339021273082786,0.0020447712578294435,-0.004754828504514436,-0.012455012191701762,-0.003830509152084058,-0.00405896285570773,0.0,-0.010757182029107849,-0.018401016062410028,-0.005256241787122212,0.0014830923797957175,-0.006255414015198071
-0.009694586050652512,-0.011281729865246098,-0.007624275461290775,0.023218574859887983,0.0070620908549889816,-0.01834939793346858,-0.0010722293039176981,-0.003950650205761384,0.008480880947491061,-0.008636386363636365,-0.002657798959172739,-0.008864669400033102,0.004827875734676826,0.0018548292241574937,0.00846905537459277,0.014614614007504207,-0.004768140545473528
0.0054575767608227585,0.007465069520057899,0.004855842037758864,0.00418572868988352,0.0061120265728697,0.002821207525732806,0.0039806213592233075,0.006216276685485414,0.018832131386861368,0.008785740229460154,0.009786940037402408,0.0058279461086270315,0.004763098520932596,0.0074090704984283405,-0.0058977719528178155,0.008333297101449253,0.010720411893662348
0.0021782356144490825,-0.0012457489490578532,0.0015151212121212025,0.0014728524798980997,-0.013994442223110711,0.005052562273597636,0.006654469926618449,-0.012924656600651431,-0.00014603592191665807,-0.0009019391613049593,-0.0018951466554454164,0.0009231342622576349,-0.01587440644628225,-0.0040577096483318245,-0.0026281208935610475,-0.004366812227074272,-0.00322643565384213
0.002354237552440465,0.01442605804628239,0.0024184399988851375,0.019437977383373328,0.0056060993839647175,0.006295831854578371,-0.0001929584294967802,0.010817899059757332,0.02463689796871402,0.024417092486077638,0.01108213811047801,0.009007100070318089,0.014844323025535415,0.011586496809871023,-0.023537323470074072,0.020320820688799285,0.007472203245089653
-0.02410984881713096,-0.007421212121212026,-0.023514913366336637,-0.002465156413708998,0.0019445237323602307,-0.03148377260199302,-0.01727008076655548,-0.007929935700147614,0.009870234344902213,-0.03154070796460168,-0.01639889873113959,-0.022668349462590283,0.0020863342374295717,0.014925372479132016,0.027468933943754086,-0.00178567857142856,-0.027869212201009505
0.0011115598369766068,0.0015436554968708885,0.0027769207034864644,-0.013764379760586178,0.005524822415153889,0.007505898670147611,-0.0008839520722844974,0.01689135942829306,0.015820150314186807,0.004967283699090533,-0.0005800944821430045,-0.0028869010231943808,0.006055327443905304,0.02290460765654133,0.007787151200519208,-0.016702940569973103,0.002189577498996154
-0.0031592454346915386,0.0009253239312353956,-0.0015450864788289892,0.012534351252081907,0.012278346822126505,-0.0022076614339902297,9.82225258133087e-05,0.0021069853791412423,-0.004600515630816253,0.016214993336294965,0.009114805461609596,-0.001879934883298618,0.010830769230769205,0.0032492519559321276,-0.022561380225613794,0.026855053952475387,0.0034912501203905838
0.013927047828477195,0.007044532493443675,0.014616291108404365,0.020713425393172155,0.006928814740264669,0.00995706314220888,0.023213410071942376,0.004356946839487757,0.009801200723324254,0.018530608644661117,0.008467684416218773,0.012988810055267166,0.005507955936352573,0.00404522018117014,-0.014814814814814859,0.016678317697070354,0.004128596262494628
-0.012430389149150674,-0.005234051724138047,-0.011706747125901243,-0.01439684768883861,0.006002308580223117,-0.009727015194605731,-0.016478178948482497,-0.0009691649168148418,-0.010461709849024692,-0.018654230927253705,-0.008622838349909704,-0.011550613296257114,0.009536894851693086,0.01219764458464766,0.021739130434782615,-0.023107075119341604,-0.00436490615451774
-0.015065989268022219,-0.011838069273399877,-0.015326869419044976,-0.01862865636147443,0.01103504524219781,-0.012329317539583244,-0.012038701876404196,-0.004217323464158135,0.013078152713080243,-0.01601983303249089,-0.007529339669623259,-0.013684669462920048,0.006743196596291355,0.012584060660522488,0.007843137254902025,-0.020682148791079432,-0.013044439531284622
0.0007527474737061366,0.00403357120694997,-0.0009391984677769899,-0.007185668949527733,0.0030349012505727253,0.0034633380917788283,0.0016747709255290997,-0.010821445783851533,-0.0033148755990366195,-0.022847864165803637,-0.013416057128692626,-0.0019062614700950584,0.004236610711430779,-0.012318646205591685,0.02048655569782321,-0.011005099046221427,-0.006677053193857048
0.021002211145950845,-0.016078216143701616,0.019342922935216396,0.009881423315471278,-0.01306691006917759,0.025395828980149505,0.010623742897148977,0.008292650406504,-0.04609164927166094,0.02123329568556591,0.012993461673533758,0.01863575388216309,-0.004133723963558935,-0.009978811464068447,-0.023591087811271262,0.0007331744599276444,0.014692939240918381
0.008765504337673632,0.013374898079322135,0.010631774643485681,0.017857181677018705,0.004590627566588659,0.016285856846957915,0.006584043504725791,0.015369820931313116,0.026308426384118715,0.022521549513765754,0.011130206872408427,0.0105368854210581,0.008475885733222529,0.006748207791995273,-0.026227303295225324,0.02501783416726227,0.022717573939134105
0.00018261822165432118,0.007103118990021013,0.0015166211247613789,0.021276595744680802,0.005705667337175097,-0.0011872883073385616,0.008734081797983025,0.006205234883221525,0.010578981658072362,0.00897155341418913,0.005777054421854231,0.0009957254198124919,0.010513053136711132,0.00960743485349071,-0.002697235333782815,0.004978698258225581,0.0012842679519635895
0.0252713832580776,0.03140888423571641,0.025709190307328603,-0.022533022533022605,0.025718871394858876,0.030986415440005632,0.007714266666666601,0.01535334434111409,0.03905839916911721,0.030135781624273796,0.016799983999999994,0.02597852333999903,0.002591996331618381,0.020057265656979018,-0.022053756030323935,-0.027027101060157238,0.03808933498044054
0.007068404311715906,0.013864364963754306,0.006750807161725767,-0.013585351447135218,0.004280479704797073,0.014884782098158697,0.0074676245391814555,0.01618364748074823,-0.004163935694987387,0.0123663804729905,0.005806116142381675,0.006879944676438472,0.00667090556796036,-0.0012295081967213582,-0.025441696113074164,-0.016709951726698785,0.016004882171700194
0.005098470374499406,-0.008028575437746809,0.0046742623429739,0.02025462962962971,0.006780282206340433,0.003088196862315308,0.004797779687759889,-0.002317225290411413,-0.007715214173600916,0.028309553087965567,0.013185785631087526,0.002402134572452933,0.004118065268065154,-0.004239165154580063,-0.021660649819494636,0.0036996299038243633,-0.01710286456012512
-0.00017587480527298877,0.0038506222660320043,0.0005839416058395073,0.017958589753678315,0.004923413566739663,0.007327725163461696,-0.009880315221730674,0.00903240967544392,0.0138814872899488,-0.004706343456237832,-0.004098077106927849,0.0024647473978468156,0.009047160731472685,0.01090983061633096,-0.012426900584795317,0.026647425279078048,0.0067540317897252485
0.00035155563985852806,0.0026587889310954586,0.001748790389134636,0.0199034905310064,0.0005467104263424974,-0.0002992371046949258,0.006418727460473399,-0.0036877380550785124,-0.0017381601586018004,0.003059995920032704,-0.0012624950383691438,-0.00013698302491719534,0.002649400911941298,-0.002571218571087414,-0.005143277002204283,0.01279768975462809,-0.0039039040026261017
0.000702634814684766,-0.005943417180183191,0.0005826099281905256,0.018192459871214407,0.0158200608344118,0.0010460176642562728,0.004510392868077161,-0.0032372281530495765,-0.02144222860636136,0.008695672220512133,0.007673604319736937,0.0006159720585791395,0.01987053967068565,0.01388493580713975,-0.008895478131949535,0.03333336769759462,0.006734734693877558
-0.00494259470635145,-0.006279994206937637,-0.00615483605377598,-0.0029251525494477216,0.023265661413256433,-0.010723440729851035,-0.004910254864773203,0.005976080111061031,0.0009551098245995028,0.0010100808080808017,0.00039138227314683194,-0.0044680300926047,0.023160024998161954,0.022310537499016295,0.0,0.004787961696306328,0.0038625534430281297
0.02378075174531704,0.02307919953257367,0.025142885714285714,0.02394714489650244,0.011088010703811142,0.020127282966755065,0.01771631606931291,0.013901450589302004,0.012663370093087463,0.02960200076855514,0.01768411529577301,0.024148148321060575,0.015846563525563,0.006489444878811448,-0.025075987841945292,0.006455997281685399,0.023038709951885183
0.011582354140390971,0.01975939402974773,0.011857651714153108,0.02809573361082202,0.007223907808737524,0.015445112029910934,0.01155223251123132,0.010170520338460512,0.005759455892876785,0.005071230739223857,0.0021482124335800794,0.011733536159090376,0.01338568671731882,-0.00019546431298274347,-0.007656967840735041,0.014070351758794026,0.021189755466363848
-0.03966704374593499,-0.04021441763479295,-0.04023492041805934,-0.05245865732121336,-0.028298549699327935,-0.03921860176834337,-0.03217566068279854,-0.020140371984431204,-0.054817816541647545,-0.06061232933388497,-0.03444441269841258,-0.04056015009615687,-0.031860000000000034,-0.028347405374048767,0.05362318840579711,-0.061899642052663066,-0.05086819099349967
-0.05138711695004886,-0.04416789771894881,-0.053527196782178196,-0.03526081010055975,-0.04167434319613841,-0.031230480461735155,-0.0545908405026283,-0.03538707796820035,-0.008262137105219641,-0.08702493620362184,-0.04468948640502875,-0.04982261712861526,-0.049315875036102796,-0.038413359565204266,0.08910891089108908,-0.058757139689534485,-0.03839630968172071
0.03399278899254642,0.04315464542587171,0.036087057443693824,0.04922748832195467,0.013952003271736296,0.035832536459877475,0.031228889103741737,0.04380661829939353,0.024729173740101126,0.05262032493865193,0.02976427527575052,0.034335692307692414,0.032494447145047255,0.010085103744730047,-0.07523066004258343,0.050768682544464816,0.03893985808236212
-0.02299908088313085,-0.02532798291119915,-0.02538220105864817,0.0051831992850760724,-0.0006908449680046312,-0.023026491042287493,-0.017110807019160054,0.00195997280386048,-0.03717580584507758,-0.03323792648029937,-0.009501372498792938,-0.02267037084072982,-0.00011219147344802221,0.001897689768976872,0.028945554789800133,0.008858965586781205,-0.017423771363280955
-0.011350874158880666,-0.012357152065404857,-0.010194686753002382,-0.027736995875716368,-0.014421088982366827,-0.007995644651688333,-0.016696721323604283,-0.010819856256331023,-0.0010096638970238767,-0.039826070950470825,-0.01609041148460412,-0.010551471075792254,-0.018084942626496917,-0.008109794135994873,0.04287598944591031,-0.029551222181685433,-0.008155562526139606
0.015750843067796363,0.019685069654754788,0.016408416894560823,0.016973708307197403,0.029043081220455482,0.010599001780314882,0.019507949818489446,0.03980089492542555,0.02871946043931601,0.05227763784284761,0.0212404942658697,0.016699871967738315,0.03826437342601141,0.026518258035698,-0.06385964912280703,0.018969254868673846,0.00891191709844559
-0.02535207511737088,-0.007936569471097258,-0.026512756503033075,-0.009110786839985901,-0.018009478672985774,-0.017664490891597683,-0.01472201362224247,-0.010946716300198707,-0.00014003081939069071,-0.025127795749882144,-0.016501124973337576,-0.022525840085955588,-0.02051489107282981,-0.011880417861532166,0.03324287652645863,-0.028340117776959904,-0.01707422042736552
-0.04699172145120477,-0.04497601275917048,-0.044639946411210524,-0.039000416508898225,-0.04894837476099431,-0.04585955945623216,-0.037461258256733486,-0.030173649946343382,-0.028386180738150357,-0.0810096913946968,-0.05536302296591619,-0.046062610916123466,-0.05753803596127246,-0.05579580208495657,0.09236453201970433,-0.040597432378497465,-0.0435547743852789
0.033631008291259507,0.02760551937931029,0.032471564705912996,0.01234106207928191,0.021588619058952364,0.033880910585667806,0.034572082602927504,0.02220232421096224,0.008146334026778073,0.03143196667213118,0.029349977988395393,0.03349983226196843,0.01766304347826094,0.025993133083371797,-0.06282722513089,0.013972771903323262,0.030910274994670656
-0.004006161923165285,0.0003100155038758436,-0.0022116587677724884,-0.022953367366234365,-0.015077819977212343,-0.006198402930654875,0.001988644725067055,-0.007809055882808547,0.01741325680962304,0.006017079519025121,0.0035196345676756693,-0.0027993958008178375,-0.012061486349801184,-0.01866792549995703,-0.03874915023793327,-0.0034104207431004787,-0.00021317696319066157
0.003232591747480581,0.006775515652124662,0.003463476070529061,0.012914470206177774,0.011376826169670184,-0.0035887790381112948,0.00129092358653128,0.0187150748789408,-0.007213607095344008,0.0068949440080415475,0.004587879661024646,0.0027915810605193773,0.018622840120957836,0.015463875927998758,0.017368069472277873,0.01012756939234811,0.0006392073300660363
-0.041592353274218515,-0.0027794934286754164,-0.04097017371353654,-0.02488482430106333,-0.011123728170083455,-0.02972819322644805,-0.02996829415846562,-0.0005898112651135909,-0.007122507426887782,-0.07009340875553369,-0.04507015992564002,-0.03718370781835914,0.0016935719784449367,0.007131471060133936,0.07933579335793363,-0.009848484848484908,-0.01404496573130875
0.005515028560173312,0.02204771905624539,0.004242787344738424,-0.007761388758244496,0.003254408413895071,0.017904678085404892,0.008518446405029993,0.001178232660435083,0.013074652596990926,-0.03171783811215428,0.003474954361263542,0.005229955556808069,-0.001541981436315215,0.000880171041542891,-0.005565862708719842,-0.0060975609756097615,0.017618382135037684
-0.021734776046181906,-0.025394858303039388,-0.019973301598758247,-0.02029446957001477,-0.005364314247669746,-0.030844687652516495,-0.01911944979083402,-0.0051813321162990445,-0.01934648924256934,-0.026302029880102506,-0.01597526877382336,-0.020261349010306136,-0.008044184510162117,-0.015579066104797267,0.05272407732864667,-0.02021776905978887,-0.03858024606304572
-0.003027815845219634,0.010722978269698853,-0.002670293814095266,0.007817435558174194,0.01243609154027991,0.0011625892901940497,0.0006196860152860268,0.014012537906508837,0.01980619413383361,0.017400203817799182,0.004393672994894385,-0.0014715226716049562,0.010763848844808408,0.007477820025348675,-0.03142000189848958,0.002327463059446907,0.011764727156220966
0.0,-0.003073079192591059,0.0013333666666666725,-0.033880318143534836,0.0029967037382643688,-0.007024552483282155,-0.0037321169396641036,0.010542981240409624,0.015761094545524837,-0.0007683226829276146,0.002716659339964366,0.0006966333497685666,-0.009272910685186651,0.009996235727131927,-0.0006044739658721609,-0.03202566052842281,-0.008348022847100121
0.0068163591255741215,-0.003082675804028338,0.005305039787798413,0.0019148910165003715,0.002018728971962599,0.00853991370085462,0.006181722773165516,-0.006102848009299721,0.03263334355891436,0.014386673760390562,0.007307490403849244,0.006840883619943791,0.003710900513687692,0.00874796812819382,-0.023514913366336637,0.014595660749506943,0.002629250714926459
-0.004430144985904218,-0.0018529338525962436,-0.0036605991234808515,-0.0010195758564438063,-0.0026236881559220495,-0.009035405413163212,-0.006637627186011771,0.008357377280767332,0.01566616660961242,0.0017636684747711958,0.0006954881395765938,-0.003548341588617405,0.00461712196998832,0.0020686388084402017,0.00980392156862746,0.0015753840714998893,-0.009734468811184222
0.023017941254458416,0.010693522761991961,0.02403384137597139,-0.0008163265306122275,0.015134736064968629,0.02072750320707026,0.01249489963129873,0.0207422172678615,0.01999745787646869,0.05477501525244042,0.02846286269488405,0.022543963562393157,0.01178703466870859,0.02382875605815831,-0.05426356589147286,0.009364026896762597,0.018458154581067403
0.013775688518127955,0.021232028146890895,0.013457161597473927,-0.028979463627865014,0.0029811195760185314,0.02077821065738938,0.013538128367826772,0.01130018136160728,0.026378582761228668,0.0329340411300801,0.019299270621238995,0.02089178985499393,0.009416196211532814,-0.011768551814318415,-0.05163043478260868,-0.010646608412988529,0.024777678424869234
0.0017431725403219789,0.009772016582765853,0.0015995201535509193,-0.0157848969375042,-0.01513109859033481,0.005028711725963559,-0.010000040816326614,-0.007024445068839561,0.011669794723657638,-0.024298160516587976,-0.012750641831647026,0.002944163087412257,-0.002264967912419828,-0.012494828299544873,0.025810721376571727,-0.017248335338949088,0.011099455497382126
-0.0019406559662460596,-0.015944583878183854,-0.0016020827171446478,-0.025596193393130687,-0.025517279693486505,-0.002239992000000029,0.00020399919216474883,-0.005083309799491862,-0.006623419393529847,0.010735099684252106,-0.007947932897977435,-0.011841788579972121,-0.021596606247589616,-0.025673625050981298,0.0019815059445179085,-0.023398972766873007,-0.013585204551364707
0.013213366273202616,0.014527067892083986,0.013902085308056833,0.006304347826086938,0.005069950062897843,0.01567050973573525,0.014676396675657713,0.0158421208427199,0.037411284881918125,0.013354869905595219,0.009629886277505958,0.014387374715917922,0.014443140039647969,0.014841095317725726,-0.02574525745257458,0.021686706827309162,0.016697954498016962
0.009859707627618227,-0.007467144563918758,0.007836990595611286,0.006264852019874685,0.02345236855703501,0.004390474220529841,0.0030065544799869,0.0,-0.01787680954761393,0.006860278984678646,0.00764498945138744,0.006635576831234985,0.026637142928703717,0.00993377483443702,0.012048192771084319,0.005591094025914839,-0.0054564111036133
0.002270128598748985,-0.0005977585354978822,0.002501563477173291,-0.0036860799516947895,0.009585886870401001,-0.007663145715545148,0.00952948202361497,-0.001670420471626933,-0.0033169040954076625,0.0011420511910016189,0.0009962062178001262,0.0017470227927275323,-0.0016305121173942603,0.01028220926148906,-0.02258726899383984,-0.015821541582150166,-0.017075859853825422
0.009741476025824654,-0.017949498568588223,0.00898667493027588,0.007745309810671289,0.008553606024052317,0.008615272556390972,0.0025742772277227727,-0.003912772607959076,0.017382835218871795,-0.003437955456384164,-0.006433260816554998,0.008086606498194865,0.004941039640817172,-0.009010787872079115,0.008146639511201696,0.012815338919316709,0.007625524414859592
0.016761834283259704,-0.00030426048982761607,0.015558237204338948,-0.008242993850021372,-0.0007316091743790311,0.021459197469625865,0.008053427617363908,0.005282235049145727,0.015216440256189692,0.00547066344815736,0.017323488900078243,0.018287510373015216,0.001104935543277958,-0.00033086625308542406,-0.03223545900490546,-0.01380430425514836,0.013168917224080416
-0.019721993999925087,-0.007048727948246278,-0.01769636813711172,-0.0318739382162207,0.004116611871890299,-0.022971328350341127,-0.019831771627875406,-0.012383957567800858,-0.007183980143102655,-0.015274242427082764,-0.016100775437538004,-0.019290498683895655,0.0029379360998898953,0.000661171025990778,0.02726653033401502,-0.03792663295406648,-0.01852243946088057
0.032351835696110484,0.018351412854909092,0.029234508740205046,-0.017676445663943233,0.00795081315504161,0.034297387427356364,0.020984584389700637,0.009478673250032803,0.016022620735955014,0.024604966695371787,0.00909314698608624,0.030742289270119894,0.010861237635265942,0.016339510777567418,0.013449899125756509,-0.027272727272727226,0.03492905423994462
-0.01775802778841982,0.004492273270208603,-0.014678868052633985,0.01921349504975392,0.010513552763783622,-0.01709534100496423,-0.008903858153861141,0.009116077096240974,0.008179539420903546,0.014241210819786635,-0.0074956358790705686,-0.015213983642428935,0.008678465970471757,0.008463265223874432,-0.010876954452753117,0.014925415141773294,-0.009122911051212997
-0.0052064337152554286,-0.002100810324129523,-0.004299754167697985,-0.010657514932149368,0.0023901751632121274,-0.0016970225370028138,-0.006973540684868384,0.0015170320916554302,-0.0028123507294282994,-0.057163046679042526,-0.009415746349283195,-0.0043555943372597505,0.004944854344816839,0.011709881706297068,0.019333333333333275,-0.018237081274985533,-0.004791666666666601
0.010851572757983744,0.002096406172398978,0.009129640622956896,-0.05507899489808471,0.005287437899219337,0.01496848252436395,-0.00520727017824956,-0.0017961454184641239,0.0023381458693226393,-0.0011775553739414757,-0.0009256227171195538,0.008986724717611994,-0.0049694274396832085,-0.004963375095064595,-0.012829169480080992,-0.04397108086904286,0.003942706037408306
0.007121968850327497,0.007136544539502215,0.007850181396442554,0.01649479850046857,0.005645730416372623,0.0015931269067524234,0.011874114622483901,0.016576100993915738,0.0017505076029757025,0.037842781829984636,0.020441839762611227,0.007514516521627232,0.008922198429693077,0.001997403347684991,-0.02137931034482762,0.003613369630233581,-0.001662814349141174
0.004725590694293114,-0.007791489595189981,0.0033102919049051134,0.026015518028297595,0.005265005265005215,0.0030252155269609505,0.00902143522175205,-0.012379656631897842,-0.009423995870232061,0.0215076949670818,0.009309154085490424,0.008771284738097542,0.01390114327287902,-0.014097711731728432,-0.026912181303116203,0.02809490658055733,-0.0016656673259561688
-0.020211385128870822,-0.025192013062734664,-0.02120463979088363,-0.02622950819672125,-0.009782341752947368,-0.03023223563136165,-0.014726407960199086,-0.013240376306620156,-0.015673569857057378,-0.04786238271695197,-0.030201025569083224,-0.025192685740532635,-0.013916181980374724,-0.021096174605839613,0.04206241519674362,-0.022900808262236307,-0.023875484971221488
-0.009169180560800525,-0.013387298050663068,-0.008679572763767927,-0.04914004914004914,-0.01708727469358332,-0.004382509034140636,-0.014331832573035197,-0.01056338028169014,-0.03748763747486705,-0.03685866233961293,-0.017374247428081028,-0.010310714394538664,-0.020018198362147303,-0.0272807535256552,0.03344262295081966,-0.05345321917943326,-0.004281759886143443
-0.020236693008081466,-0.01806656158689578,-0.02056301738174559,-0.011531961427577437,-0.05119557391337296,-0.024452785429661276,-0.025248365066225235,-0.031377166262473354,-0.03627476296050321,-0.07594597843722237,-0.036550700527406874,-0.020679988935825996,-0.04269449715370019,-0.06004504234031349,0.06727828746177378,-0.007626263107721598,-0.025016436251920033
0.04223803331940087,0.025933931026055186,0.04212118181818181,-0.006906906906906813,0.00011367080933616678,0.030319535476967557,0.031663365464394175,0.023546156028368806,0.0387041533805804,0.04291736435332759,0.020507481395420996,0.04053092926602616,0.0059604272657470935,0.004484215447722637,-0.017423771001866904,-0.018446601941747524,0.03227861541728611
-0.01597616511327642,-0.033833354612192716,-0.016009852216748867,-0.023408235240063743,-0.0038797640213098237,-0.027068085708529085,-0.015879540225560686,-0.018786171334660665,-0.016849038310688187,-0.015365238907676588,-0.010626143568293491,-0.015342694733085516,-0.019930704116968054,-0.0017969002695416944,0.0,-0.01427873039284757,-0.03312851982762096
0.023226256156300987,0.028225866735368244,0.02433166042860758,0.04205093434989851,0.009158406167474311,0.028695547871947395,0.013654618748084707,0.03755222426836656,0.029293311363359,0.04429465468717739,0.03064610512772533,0.02345449802626207,0.010658545869813518,0.0006734006734005394,-0.0628306878306879,0.05972226851851869,0.026900042698548312
0.030095019359380436,0.04019047335516521,0.02831281542981971,-0.028773348247014063,0.008964254698231193,0.02155104736341674,0.021995267949539196,0.015338195645228566,-0.021571110532585317,0.024882559853641205,0.008942866860228415,0.027176166801299747,0.014628657164291094,0.012764260071798974,-0.016812373907195696,-0.04046242774566473,0.024166666666666597
-0.0135568852380149,-0.010225563909774539,-0.017825252525252508,0.03318696925329433,-0.02617865082407056,-0.012368449141406695,-0.01494917340837845,-0.011217255383150018,-0.004509030787025552,-0.02527073466355558,-0.012211793547596852,-0.014580885204434998,-0.009084027252081697,-0.010841853449301187,0.016534391534391537,0.023518344308560677,-0.005867539692633211
-0.02317941187845563,-0.014028636351673066,-0.023722596602110704,-0.021792301490664745,-0.006364551836626885,-0.016635466389005593,-0.015586962931701885,-0.015754720256279053,-0.013069382389782655,-0.03952959620891668,-0.0202125720527319,-0.023119378915167337,-0.01830795914434386,-0.010914809782608795,0.043037974683544394,-0.02015355086372369,-0.014024649085749142
0.026128635838202345,0.008466858179618886,0.027218876544937164,0.032191121244745144,0.013020177408916122,0.014546294942077114,0.019257435363459096,0.014828269688011677,0.016963952026043453,0.03313979196903725,0.026050055596946176,0.026364713254912606,0.017606967057932597,0.010841366775317406,-0.03742613263296128,0.02021626704278325,-0.0012766170212765904
-0.028143219514926404,-0.03863065326633167,-0.029232612667478567,-0.028287791563275398,-0.04316918189038919,-0.030781355871923242,-0.024821911502668898,-0.03499717390996602,-0.05017031963166455,-0.042622898228353245,-0.0346795077317031,-0.03094173498142818,-0.03935458480913026,-0.04650731364275677,0.01741935483870965,-0.030024213075060584,-0.03936309068193069
-0.004036715596330338,-0.006639298344587425,-0.0064357644365381226,0.0024752969071636056,-0.008046759277793367,-0.0035029217140123015,-0.010069913686806495,-0.002300215707309296,-0.026765273080437742,-0.02481269125905122,-0.005828364638438096,-0.011267461210491422,0.0011007154650522326,-0.005183836248060166,0.04438958350120724,0.0028971029887544294,0.00044210873377062627
-0.08609007572738143,-0.07621640272937738,-0.08405318936877071,-0.01896701064200012,-0.011910107835126974,-0.07671864129200609,-0.06780776826859768,-0.08721472335104714,-0.09434789242425974,-0.13861091818716903,-0.07479116291959795,-0.07623383736592378,-0.011370865139949022,-0.006641318785578726,0.11703875247475512,-0.03291770737744177,-0.08255565727313574
0.007712082262210808,0.004066452050152559,0.010194015126603048,0.01077854237632022,-0.0032513310302782874,-0.005256363500481744,0.007189585743373178,0.015843746628403474,0.01990764570109617,0.0020557709854852804,0.00865636063846789,0.008500543597786214,-0.0068855084067254045,-0.005005959475566001,-0.01660215827338139,0.01955999904352086,0.0038140642714167418
0.0134607496473175,0.02187603579714949,0.01298276575731137,0.005952331349206348,0.0,0.014521051044139727,0.017130599204912215,0.013205753485386511,0.023111598409126292,0.027976021352441288,0.014191624416874486,0.014713627214318443,0.00020016008804642565,0.0002383222116300765,-0.03139269406392698,0.02293354037267078,0.023282886535904854
0.007166434104853185,0.02457161332040084,0.008687290862290881,0.023965188866367133,0.001825557809330554,0.017438431663553296,0.006382957446808504,0.013033752808988719,0.02621111460637652,0.03657871186527215,0.02008724832086671,0.00919554460210618,0.004978096177694298,0.0031833989079964975,-0.042236825832054,0.027416356877323415,0.0309115297833935
0.015633936784862985,0.01653421251083587,0.01614434947768286,0.019696203132415668,0.0037184138825313005,0.01818630294093548,0.011358876496447774,0.0216913811362429,0.0318851347901609,0.03707619370106937,0.017941640792123903,0.01719332032946423,0.005426347684873428,0.005575241881632727,-0.0370141910557797,0.0275643482857816,0.025291422359986382
-0.013918441909916944,-0.0171410413971539,-0.013149454778704302,0.013899985309122304,0.00012123660855783007,-0.022875851277890054,-0.009341889993286293,-0.024013298394715422,-0.011014103868936455,-0.018064114316527165,-0.010098232437174946,-0.014082399980800155,0.005592973334908798,-0.007281648928309998,0.018170866141732387,0.0009029796839729392,-0.032236141480956756
0.027997011875291144,0.015286624203821557,0.027145055449143696,0.013982418089524678,0.005825552664746894,0.02555731995135688,0.02846538778877883,0.009808351763882433,0.01781010483601178,0.05430905011960606,0.028894098843307018,0.026264201897058585,0.0050942045179749405,-9.51451689670568e-05,-0.060372511239563345,0.015992892047978807,0.01936774351592803
0.010596765000989687,0.016598809896648956,0.010191537671663455,-0.012096633137015296,0.007179936178699671,0.01432594768611673,0.00410846343467549,0.003406339013907241,-0.007175139325667354,0.009845998236657468,0.006264691551379192,0.010410662050622186,7.840601857307599e-05,0.007370310875933044,-0.008419689119171035,-0.01305135072238319,-0.0117116210940711
0.010303533037848422,0.026227538083942233,0.01099575375713184,0.0013527051607880973,0.03167242300781855,0.02111399984243289,0.01656565656565657,0.021449318840579656,0.026516570340617437,0.026063364940416167,0.012628882944520858,0.011357225604868536,0.03109339407744871,0.03540996967552442,-0.027278775781769803,0.008920651204282063,0.024818735445173105
0.001469814440565871,-0.0018332111212956573,0.004863221588861806,0.02589727396637888,0.006523407771427703,-0.002606650910057735,0.0048251304855195624,0.014285714285714285,0.017037558371581572,0.007322504092689765,0.003424666007928126,0.003607001935122566,0.007722734978338739,0.014860330430097804,-0.008724832214765034,0.018818380743982482,-0.019024149507609597
-0.0035029128501874993,0.0,-0.003660860392338758,-0.010792192881745257,0.007427157014936481,0.002442723112671254,-0.0018126887487336539,0.006669518849588159,0.003799810150721039,0.0009752987551960503,0.0011971865709391992,-0.0030504538780277593,-0.0011691936335521747,-0.01805384158325333,-0.0013440860215053476,-0.01195748449955727,-0.005400562677780427
-0.009867864640995577,-0.02698459281504242,-0.007685213885189484,-0.010440882155029283,-0.02835764364889739,-0.013577230361610373,-0.0002015108823834716,-0.018352659755173115,-0.04458844814531744,-0.025506275293509406,-0.01220464824897993,-0.009886838947029183,-0.030430180310513245,-0.0406678082191781,0.024262295081967162,-0.010743061772605122,-0.01809844132424094
0.01809875652470288,0.013007122545459248,0.016626450022584758,0.0279657645466848,0.01781176493851523,0.015644638733757203,0.023219224714679344,0.013261087120822303,0.007094074864920716,0.03522313545903162,0.018603482682607118,0.022138173527456364,0.015608822066643586,-0.006125574272588061,-0.037414965986394606,0.01585907419123023,0.020421880152112184
