FNCL,BDCL,IYG,BDCZ,IAI,PFI,KBWP,KBE,RWW,KCE,VQT,JHMF,PSP,QABA,PEX,KBWR,CHIX,SKF,KRE,UYG,KIE,BIZD,VFH,LBDC,FXO,RYF,FINZ,FAS,IAT,KBWD,EUFN,IXG,DXJF,LMLP,PHDG,PSCF,IAK,FAZ,DPST,KBWB,FINU,SEF,IYF,XLF,BDCS,WDRW
-0.09224233886530295,-0.1961077844311378,-0.12643973935051592,-0.10983355234340782,-0.14601159260281554,-0.0813954221774287,-0.04364825284795337,-0.1441137058225206,-0.11190751445086713,-0.18865861504907305,-0.03318108880162859,-0.16232906925452137,-0.0935550935550936,-0.09371495773610997,-0.07147027629726595,-0.10928224205930281,-0.17712811693895086,0.14853323155341194,-0.14348057828696137,-0.1987167922094616,-0.059128300200065556,-0.06554054054054045,-0.092939291994618,-0.2549769525267993,-0.0882629618902799,-0.09505699378083667,0.22009964700996673,-0.3219645293315144,-0.1219511874197688,-0.1164274915697764,-0.12701047548472116,-0.11230065307096267,-0.10775127768313462,-0.3143153526970954,-0.030480123988303773,-0.08198461347796789,-0.06985988140849445,0.20209263317007112,-0.5270018156424581,-0.14568725554138215,-0.40799857596907824,0.08265353677687683,-0.08895998822277044,-0.09714550827830469,-0.0979968650783362,0.8533210901741722
-0.025326474079936708,0.042293906810035836,-0.0439100905871703,0.0003284072249589616,-0.024604043421831145,-0.0003524145099605726,0.0036781046369947883,-0.043785275423728724,-0.006047871316684189,-0.018605999367175857,0.0074343917714070245,0.007008322382829462,-0.01691331923890046,-0.032444930475086696,-0.01963117250538873,-0.022626902724784497,-0.04025044722719151,0.03216533577123675,-0.04533789563729673,-0.052603591704410674,-0.008607454921839989,0.020516214427531352,-0.026157429950059492,0.05567606652205347,-0.010436385199241054,-0.020434520488192685,0.03833869655196906,-0.08969276511397417,-0.04353646873622006,0.025388602351741157,-0.06623305736250751,-0.04382121042553047,-0.24101479915433394,0.08798486281929987,0.004157921170807506,0.008940310516442463,-0.02005551568285717,0.03532708411214946,0.021412345265952374,-0.05600260701641453,-0.06501027704129556,0.01657761943435201,-0.026172817103189656,-0.02987203436387134,0.0227513756613757,-4.062709183493309
0.0630329648881336,0.13622291021671823,0.05693864994994638,0.09643912445297344,0.05530320598450429,0.0621487272727272,0.059230611454699475,0.06750085388538517,0.05183056903396557,0.07524399268731374,0.040311136121257606,0.06663937312507665,0.08244422890397668,0.060424656482054646,0.08417325208862023,0.07148339921812431,0.10344827586206903,-0.16544506806282724,0.06827840245160463,0.12583506096263708,0.060369757365684555,0.0836870830806549,0.06816220733040976,0.13291536050156735,0.0676692141676598,0.0722341444827223,-0.24453279102719716,0.18530480419862738,0.06071091347244688,0.06987956626506026,0.05583472920156337,0.07254623191518457,0.04212236522264241,0.13925081433224748,0.03838468612554985,0.07175987132633965,0.06072150057228456,-0.2594161958568739,0.1557691923076923,0.06019361584411324,0.1725151283810442,-0.07905372186959043,0.06513004882104134,0.06266665689161442,0.07352941176470588,-0.30207160624544555
0.0277577865897621,-0.003729024238657472,0.049214872238803435,0.004431314841522142,0.006371064845822395,-0.027164651030062773,-0.03214292151861016,0.06409861127585167,0.03243706716950349,0.022345040304040158,-0.009289328483089715,0.03128716831683169,0.0076997112608277254,0.05113633648924749,0.01844927708827407,0.057701572076367634,-0.017128874388254556,-0.06158292574477553,0.06716230816170062,0.05128960867664526,0.0083070611330143,-0.0036518563603164162,0.02768454278523481,0.018461538461538505,0.024169141130772603,0.024578710605377786,-0.12402243363191168,0.07297900722226817,0.06444964685108878,0.018912529550827357,0.049363057324840746,0.03244203632634627,-0.07464646760862186,-0.054077253218884035,-0.007249295207410523,0.016798584919538423,0.00913421348025794,-0.0996634455173842,0.1574580886437697,0.07134823434540641,0.06246373913043468,-0.028486616365382193,0.026355173510820316,0.034749106521632975,0.0029325025871213993,-0.17589360405271734
0.025298630544575963,-0.013224181360201452,0.023904883907125786,-0.004948045766850254,0.04584604863221878,0.033792618110236226,0.038966304037276425,0.029605204234605387,0.017197965604026755,0.03489212503028841,0.000719622935024715,0.031044936490272113,0.014231499051233262,0.02811242469879518,0.02042949188056572,0.026785784145070865,-0.011551155115511599,-0.05487807351965466,0.031212579533609657,0.040582592178094096,0.044347112569766194,-0.010455104551045397,0.024749417564929717,-0.05794270833333337,0.03297157900549153,0.03041303482730646,-0.06993425194065318,0.05849189776222333,0.028587764436821043,-0.009064933638594102,-0.00587293112653494,0.009542298326866447,0.08145932033983026,-0.04297224709042081,0.0016084036345637351,0.028444882920141742,0.04057917543992473,-0.08146696300484416,0.04682628571428569,0.027322405864612345,0.06718942632987907,-0.026187606577344605,0.022169727411999397,0.01852626542008948,-0.008875640587986048,-0.13378773794073676
-0.03453286077789888,0.05419898426450358,-0.08460487427608405,0.01366525134211804,-0.0942349726033828,0.021508828250401225,0.009201900011926533,-0.0971128280839895,-0.0572062553084814,-0.14131637168141611,-0.04930533752181614,-0.07106452938758746,-0.04667328699106245,-0.04814528009183288,-0.05996668517490273,-0.05791700223713654,0.025723472668810313,0.04544434947142831,-0.08463541225857228,-0.06795529846102995,-0.02742230385912404,0.02400960384153653,-0.032305700331382844,0.01790281329923281,-0.03633209185414818,-0.03475811844476599,0.055869076068540635,-0.11468971385269883,-0.07829843028046939,-0.005758109404990401,-0.19375398342893568,-0.07426776305999504,-0.21081938828629984,-0.13516260162601626,-0.054707421543681245,-0.01924897722200668,-0.03673713140949778,0.052771096599604606,-0.2796443193535304,-0.09646485630722418,-0.1408082443435069,0.02551931675016855,-0.03397718096399381,-0.038932553965696504,0.02780440902184033,0.1064103171022335
0.038448128680596654,0.04602267045454552,0.05242740096391203,0.0,0.0795918091940865,0.024733906551850253,-0.001201722411376013,0.04241281809613565,0.04469394290815378,0.0780214411519267,0.015974396789490898,0.042502951593860756,0.05623242736644795,0.03233200184144609,0.05010543513214311,0.03200194821939496,0.034910783553142054,-0.08448650362919405,0.042393917326379885,0.06968248005503695,0.010849909735010634,0.028571428571428484,0.037593945084209254,0.1208544620093051,0.03986706810631214,0.04357596512198727,-0.1208095470964722,0.10257320752297477,0.03452378181689175,0.04271933853927422,0.03683247164932652,0.04073856950678029,0.10814904974910704,0.15025906735751296,0.014214046822742616,0.0494691213011069,0.014021363739877835,-0.12499997016706423,0.13798981260647364,0.047917853738794806,0.10774738152600463,-0.04269805074257426,0.03697888921960748,0.033403770128736694,0.02705223754420542,-0.18653740254801288
0.0318104240883392,0.08093994778067871,0.05687358282284647,0.0,0.06130261308920551,-0.025032124518613676,0.023087477536930672,0.06793563291738614,0.03672717962567556,0.047827095115976985,-0.005228150012907209,0.03931950702005645,0.01839926402943876,0.06342394047267391,0.01583184572623521,0.06459597119063695,0.0706560922855082,-0.07014800882577236,0.0678754532775454,0.06144517162004857,0.03993053044593476,0.0482796892341843,0.03129921321455151,0.019294267877302495,0.024706398351300347,0.021108177176433124,-0.11259679802955666,0.08247086028460542,0.06197660524846457,0.023328890833158804,0.05892536446709198,0.0376592707157062,0.059390859929397875,0.019475021168501305,0.0004178854993730886,0.03361713526266888,0.03766872118312,-0.09973753280839903,0.15246898202515208,0.0658139639172385,0.07261360387953046,-0.03324804880920554,0.03126362251638221,0.03705214607999691,0.04028643688451198,-0.19631483166515018
-0.02854155934563172,-0.021333333333333256,-0.027803041754716415,0.0,-0.0038461540310650156,-0.014322949684991928,-0.013685105659861477,-0.023067734479696407,-0.015120112160731392,-0.01678600428467077,0.004387247304796254,-0.007235376999238338,-0.0018433179723501912,-0.01598837248033857,-0.008110884141525613,-0.01950431301035735,0.0414651002073256,0.03412788126112316,-0.017743080198722498,-0.04362190785223495,-0.010526234391650409,-0.012359607435932996,-0.029173378663424166,0.017866812012279933,-0.016049465681048078,-0.01663818822023063,0.05831676607024513,-0.060720411663808004,-0.018481718423754265,-0.012721535665606479,-0.008741200466200324,-0.013703934467347832,-0.03520756514936589,-0.06974637681159433,-0.002093844308787523,-0.01732183027585684,-0.009077155652852654,0.04211187932118164,-0.021805258676499895,-0.0287828673245614,-0.06250847457627118,0.016970427404148274,-0.023555588888888854,-0.033744095012647496,-0.012233801540552766,-0.009182690120170254
0.017777777777777764,-0.08069164265129675,0.026295296559257657,0.0,-0.0036187453891737913,-0.04170902000678194,-0.00039674601600212265,0.03720787638926312,0.020093383397605167,-0.03157621594092164,-0.020488670666934793,0.011406844106463776,-0.024551463644948045,0.00554080971047022,-0.02466493363712969,0.01425010210925352,-0.047033285094066596,-0.009627488988409092,0.03471114330415294,0.0032917295747047657,0.002691722818081385,-0.03308177597214157,0.018297494397324723,-0.04220736937140258,-0.009136171096345572,0.005412289079910911,-0.07021272800664083,0.0071526223721859504,0.042211409525833174,-0.024674115456238415,0.0332394366197183,0.023886870862340117,0.0721146778431577,-0.060518731988472525,-0.01964128949615697,-0.033035076852488944,0.0033923859142030496,-0.015315890236119989,0.0296340843392911,0.0502473314241083,0.06834264434852733,-0.0037854572938341535,0.0031014510755588694,0.02228981762917927,-0.031308411214953355,-0.024941223529411867
0.12135779148820101,0.06418559524349533,0.1207687519116427,0.011577424023154944,0.146240950489,0.0212412552685448,0.05423154336214035,0.1574727505481045,0.11559861991740465,0.12285012285012284,0.02073276253898092,0.10955043778453413,0.030219780219780227,0.16124477020631375,0.02407121862712677,0.1663209535417868,0.02470007057163018,-0.19136733500249528,0.16447240984544922,0.15280036376482373,0.07942019379456837,0.035814267721641514,0.12159333956696938,0.0294633077765608,0.08266666666666674,0.12238057774851706,-0.5243243783783784,0.20670082176173035,0.14684014528717135,0.06892067620286085,0.01224257163286419,0.0695234683668753,0.1235469658119657,0.09241499564080213,0.01967346252295774,0.12505018065034115,0.08153018867924534,-0.2875924404272802,0.39608875555478706,0.14852584463476307,0.3077393495013441,-0.0908465963815072,0.08102605010232183,0.12305641936916939,0.021937798077595865,-0.7418032786885247
0.03730482722354951,0.058883245741967224,0.03529079549612657,0.07985259353955311,0.018795493128536726,0.016965774877650917,0.041891370763958415,0.05337011609454535,0.03264457371071379,0.0024510026191843647,0.015005036415057583,0.025767536715625955,0.017101710171017057,0.06268933830851012,0.02025114177139903,0.05151137542478985,-0.10616705698672907,-0.08267977124183001,0.056865215044088605,0.06881630524976944,0.02700419529837243,0.007773403664630735,0.035551745090201946,0.06979108862919435,0.02885686167751167,0.02823787519750872,-0.13776137761377602,0.09511011759852737,0.0515645647517724,-0.003479773814702125,0.05221519262738368,0.026652769585544515,0.02459358065860775,-0.000872600349040121,0.00416844518549391,0.04668959229581287,0.026293644824080694,-0.12062620260709968,0.14951470588235297,0.04569492278400675,0.09361133184491656,-0.0408309097421202,0.031736655152145195,0.031827956989247244,0.035698632186045486,-0.23170116102978294
0.0017320150615476532,-0.013374484908719808,0.007008690645571617,-0.0026257233033255166,0.04071349202351724,0.0019537284908410857,-0.003427728666786943,-0.0006906537912213855,0.0036332007548996025,0.023286180124348643,0.010215199668298302,0.008740628317922494,0.03726169844020795,-0.02088163146013853,0.012655024685144253,-0.01157951872625282,0.044029850746268646,-0.013580622272917417,-0.0030685558459005047,0.007623730351376997,0.004679661458615627,0.009895601435096168,0.0015141487468733113,0.006076000000000102,0.0077092143906019196,0.005400945325437255,-0.00805957892495862,0.014457783132530105,0.006567403677758312,0.01919799406151919,0.03707475687786925,0.022665764930070508,0.004564315352697219,0.11231603408210684,0.011129431162407383,-0.013969673768535475,0.001010220592864392,-0.023562677830474922,-0.023942115708952515,-0.0042489908646697015,0.007239518299661395,-0.007215043550326387,0.004708681485017144,0.0025739597843825604,-0.011591662951404486,-0.05462095400340715
0.04625553414096928,0.07516646051379626,0.05040376163983036,0.045859874558805795,0.011119593558282138,0.03336484104501101,0.04000696085878217,0.037447417738811925,0.04855968724279836,0.036889499830004106,0.030347782352745413,0.04866036191375552,0.006029285099052565,0.021196044663133986,0.0027764008777487353,0.02367074679966886,0.06228131560531833,-0.10061979584396656,0.035850975214949024,0.08901501167895869,0.04579798541101421,0.04664564989517799,0.04621310975609756,0.05952380952380952,0.043203338363306566,0.04684682351849807,-0.17394461426491978,0.13161751137021327,0.038518166218403045,0.02455264150842107,-0.027125769431403265,0.0258691716241419,0.01872960173980448,0.07785714285714285,0.03768342077284487,0.029012828597858694,0.034151942294619014,-0.16401530444322532,0.0944913059444399,0.05139054920174423,0.1389077091894876,-0.04761904941870928,0.04568431005429682,0.05012232884587097,0.043496842494804185,-0.11916110581506197
-0.033285858703507316,0.029099307159353306,-0.03290562846756429,0.012578658280922504,-0.017557589448208732,-0.027158098933074682,-0.012982491228070247,-0.05002328990228021,-0.02618241509827001,-0.020753037194991823,0.004406140842247557,-0.02558436512950105,0.006843455945252359,-0.04385620394816688,0.01589664758552636,-0.053405264108475466,0.013802622498274745,0.040909090909090964,-0.05218820633238941,-0.051857217287198006,-0.016290411725734224,0.009859885832900948,-0.030593665774869043,0.03314912675640537,-0.027797760729322628,-0.030503898395122034,0.05761316872427982,-0.07635132538958,-0.060491050457389436,0.004968902691511239,0.056594488188976305,0.0034483250099072308,-0.04156060220525867,-0.037037037037037035,-0.0011913820492454373,-0.03510146324300833,-0.014351748834571972,0.05788113695090444,-0.173439936,-0.04441172571718492,-0.09806554009221173,0.020725425610658762,-0.02662178683454713,-0.034134049726085115,0.014291718609007199,0.0838427947598254
-0.0054348685765123845,-0.014051522248243426,-0.006922012125925466,-0.025806451612903288,-0.010646628338985886,-0.008477339419628235,0.0019261249881610753,-0.008446762281716546,-0.010411350059737104,0.0034115137137946516,-0.0018217138325272541,-0.008922912967588119,0.048045602605863186,-0.005162787824408421,0.04642356593028047,-0.011862191454298785,0.005490734385724096,0.001396613177255981,-0.0103608142527441,-0.007463491395532317,0.005554269780672653,-0.005741127348642977,-0.006826506712845438,-0.02005353966343584,0.0032385749104506998,-0.0037273694428283047,0.021476510067114114,-0.006802812099900805,-0.00832768399729912,0.01669377103801996,0.04511282682740484,0.004413863149055506,0.005063333119690671,0.07407407407407408,0.0007936904446948475,0.0075478810740422925,0.00032981530886892036,-0.0036306533386590203,-0.0544608087201513,-0.00913330462475332,-0.04656592503606798,0.0022156573116690814,-0.002698332929507555,-0.00849974464514465,-0.005069750739332423,0.025531914893617044
-0.016574586117318595,-0.12250262881177718,-0.017370873239436615,-0.041060314333049824,-0.017860705684900495,-0.03684922244759985,0.0031419095279820244,-0.036226549082748624,-0.010172413793103506,-0.018458263158702803,0.006543247764353525,-0.005446972298845577,0.02539682539682542,-0.05135697071578418,0.024717024146060893,-0.047741212226104085,0.04957599478147422,0.014791916064671508,-0.042832276950326945,-0.016115409562719417,0.0008093305584460956,-0.06444444444444446,-0.01641565408698589,-0.12275238597416285,-0.008711506668294271,-0.003741395175916367,0.03622250970245799,-0.017066351082417993,-0.02633400262568707,-0.04156060220525867,0.028310456621004405,0.0001634847989539076,-0.014120666918242677,-0.026760563380281748,0.01716060909362747,-0.04935003861291467,0.007853403269852868,0.0072090113285272674,-0.14182236563282613,-0.02459196899691036,-0.04508463615046602,0.007331414687264999,-0.0075735412675705036,-0.012043053763440953,-0.05953446732318719,0.8218009478672986
0.05365990643918567,0.03549690849375795,0.060598066668481936,0.00887591493028398,0.06492773381633082,0.061548223350253846,0.014280764182394363,0.0549172564338236,0.05598956796858021,0.06402442959299941,0.007872921107605148,0.049055484460694715,-0.010425020048115397,0.053546709078310495,-0.026559237683625312,0.056754798780990066,0.0045454545454545634,-0.10406380554500579,0.05677887066826441,0.08658841556101207,0.01782874196943851,0.019607896535517644,0.055315732299212286,0.01999788238930766,0.03637639034627493,0.05265827848101267,-0.2144540455616654,0.12208945377787905,0.049615763987173656,0.02843016069221266,0.001823199552270017,0.03134895503483212,0.046900448613376736,0.03598099117447394,-0.012638191153238517,0.047582184766301966,0.023954008686585895,-0.14707619610159492,0.16206619593113492,0.06870691122821246,0.16747972218917123,-0.05246917438271606,0.04213168830352556,0.05755978921767335,0.017157941047074375,-0.26486670978483395
0.015709589150031813,-0.038441232227488124,0.015458089180059273,-0.01959280542986429,0.027909503830718652,0.024752475247524774,0.029554183161699436,-0.004153207198892471,0.017588774902641966,0.03548318115989724,0.015635641782366778,0.02102914117648674,0.029571984435797588,-0.007765830191839314,0.02587209457444928,-0.019734363951909674,0.07894731333416932,-0.03539127015336212,-0.008627037444933984,0.034463574804292706,0.03696414041994743,-0.014364696132596631,0.015580767774932896,-0.026086849094016422,0.027551020408163224,0.021550632190999064,-0.047736625514403296,0.05527926655086586,0.004806663753550436,0.0004119027836943907,0.05512480857557296,0.034250794059608805,-0.0319865319865319,0.03851174934725848,0.025404157043879914,0.015987818500422246,0.031100078807059253,-0.06544996853366891,-0.03838419376466651,0.004439083849090244,0.04811035790159109,-0.018067596939025876,0.017992520193488324,0.016739736946990758,-0.022952341266982174,0.0395209368733735
-0.02073541723723623,-0.1164021164021162,-0.015342544208004788,-0.042403660204707365,-0.023142925601234578,-0.013483882517525346,-0.040841118511624495,-0.03883027231950449,-0.02072794189652359,-0.028220055871395606,0.005408979259322924,-0.023976785340452837,-0.023089171974522225,-0.04277410714285729,-0.02729003387019558,-0.04729731717011129,0.037974685729268466,0.018904320987654398,-0.04728950403690876,-0.02299725276072395,-0.034506177559748524,-0.05539358600583107,-0.020558995199453874,-0.08428205612751866,-0.014142807864780964,-0.02696509725349537,0.03187250996015939,-0.029741953909789114,-0.04141067027507014,-0.04340356682423733,-0.02426109395677089,-0.014267973901924358,-0.04900662251655643,-0.0019620667102682237,0.0019208988889397943,-0.0437028406833532,-0.03940168864586689,0.019740840206097437,-0.1594371665221321,-0.0301392635597741,-0.062200316816010924,0.008567017133956382,-0.00968273681883548,-0.015789432559132267,-0.04959844119036354,0.10066282312889023
0.04740592448233024,0.07654723127035831,0.05381275610034407,0.017562557924003606,0.06263117564730575,0.03246359321794873,0.007931017241379247,0.07473938789088488,0.04370220071796457,0.05306352458605682,0.014853866154204276,0.046870337517923445,0.008681925808997588,0.0858010630220198,0.0026035739644971363,0.0855896617406807,-0.025368612072648115,-0.07955018742190754,0.08350948144853693,0.06744062976601255,0.017779742588726208,0.03975369318288403,0.047429665737000234,0.04638163377192989,0.023247978436657726,0.04772282092351787,-0.15668202764976968,0.09290693062521117,0.06905312580074395,0.032834540018060604,0.03449744463373078,0.03357311100759726,0.06443614475159629,0.04556803995006245,0.008380914285714204,0.060470359818202264,0.02416825134701432,-0.11179691358024689,0.2263419117022429,0.0603515613212585,0.13013950041046357,-0.03715670436187391,0.032821984494595405,0.044856920152477955,0.03685168334849857,-0.34111108333333323
0.026160578293891866,-0.11433750064503924,0.030180395830743473,-0.025665350491190477,0.014142807864780964,0.032296006098179605,0.0291262460955392,0.011401030225805095,0.02938951584943153,0.018362376210649806,0.011587293512326494,0.025089486714835477,0.011700468018720777,-0.0013305264905810533,-0.0014221616833885145,0.0036212384573601365,0.03911553509725251,-0.04847161572052415,0.006128576324136433,0.04356669626829303,0.022803811241135737,-0.050588294117647085,0.02476866717854384,-0.08765652951699457,0.022397924163441257,0.016674630776560277,-0.1421052631578947,0.07257658898348258,0.012962637969365004,-0.02513847571957715,-0.014254859611231182,0.014912180057042078,0.053372510132062186,-0.0018761726078798848,0.0153788447111778,0.014348767212127233,0.030727062084790396,-0.0840148698884759,0.01144466426047366,0.022340997180465855,0.07770937312455349,-0.02398676592224987,0.022322959539588506,0.027819511278195524,-0.05217812600182513,-0.020061203672220286
0.03346549330689141,0.011363517426047435,0.03580899711860647,0.0007123723581096908,0.05968212779759974,0.0299060088320705,0.011908650544304381,0.03877765987823681,0.03225329177911286,0.05773305186675579,0.02989083343401789,0.03442041466591327,-0.023961661341853093,0.030051639747358416,-0.01760733279323051,0.03410283315844706,0.009545199862167212,-0.06511627906976737,0.03741784805603068,0.059095552240830844,0.015185530959255815,0.007588967168065684,0.03401556791649903,0.011202771886955905,0.02879075495841334,0.03869929190287581,-0.10208816705336438,0.08407954293640228,0.03138920552067222,0.008868285472973053,0.003872633390705674,0.019400564644563443,-0.004911591162609384,-0.0416938110749186,0.025228519195612475,0.0259810065224689,0.024049925414935742,-0.09885620915032672,0.0972762658966358,0.03215675416453982,0.10293822920406681,-0.031569921861351345,0.030764029749830852,0.03343023255813947,0.005238142857142879,-0.1846928101815103
0.010546970811871467,-0.016413251281869073,0.017401334244568824,-0.009299650064714015,0.017683606818543994,0.0,-0.01784506673922327,-0.0023236375158427734,0.011449289855072518,0.022437004184276983,0.010991036712665509,0.007344831738021094,-0.00562248995983938,-0.0347196503136075,-0.15713080339766644,-0.021071428571428567,0.01055561111111124,-0.028708133971291936,-0.008156397898263328,0.019854639411042145,-0.01530941318210385,-0.03192765060240943,0.009423243726110178,-0.04049080003011044,0.0019157088122604955,0.010647961274308058,-0.06288532675709,0.03641412853527911,-0.0018259281431135758,-0.0029648029239812083,0.0030029602317871943,0.012298012298012492,0.019305575893029177,0.024777636594663314,-0.002198570824530246,-0.02403671559633027,-0.01141145679914281,-0.047048759623609986,-0.02474901589100728,0.016539422028353307,0.03766961796820978,-0.012964650517055025,0.009294147199196296,0.013973486205661073,-0.01156069364161842,0.027424029625335536
0.053840798329078676,-0.09157272727272728,0.06614650202381697,-0.025362547326741224,0.05324287843546554,0.04018591907130011,0.025590502388295574,0.05678420117123327,0.05206760472499518,0.03336670059003505,0.05231969376259153,0.052333151525312094,0.06601650412603156,0.030516034769742937,0.039410108295177146,0.03647623944384445,0.12195121951219512,-0.09195408003939808,0.05537722400284469,0.08247863739792874,0.026324134908844495,-0.015290519877675839,0.054024850701987426,-0.06466355323318088,0.02853604041339711,0.04768067088158242,-0.1908957415565345,0.13223357364592994,0.07087649520973593,-0.03734626537785583,0.07974737465455983,0.06623045888944391,0.013269924458932457,0.14502987506789788,0.05603593912141128,0.0010997250531575274,0.01986753582932457,-0.15628090999010882,0.14756208391936237,0.07482765974730689,0.16799557382167157,-0.04422378158844763,0.04249180527960053,0.061533288500336195,-0.040601451598924795,-0.20828398422090716
-0.02791035438503608,-0.08339324227174695,-0.0188170153977315,-0.03827507212427008,-0.00015088248377006459,-0.03684815864082094,-0.03042594658553076,-0.017846237723661788,-0.021470656147329376,0.005970149352738786,0.03550804911388072,-0.024293689577335447,-0.057936507936507974,-0.021730953202228023,-0.027265160361741658,-0.024502009518773193,-0.10274341043571814,0.034308829465186715,-0.012678787386215808,-0.07626393552660853,-0.0368300230187439,-0.03612167300380242,-0.027905067720464635,-0.07514044943820226,-0.03598974820084363,-0.030687057356302835,0.0435393258426967,-0.12651903330317524,-0.015505301856611637,-0.04403674513930032,-0.058503969912243985,-0.04521977543001328,-0.07478545462956504,-0.10173555366460527,0.028235294117647053,-0.035883863143492054,-0.045384569230769174,0.06302131603336421,-0.05934937845357103,-0.021645800062631976,-0.11790662991627623,0.028070132810093525,-0.03270412346997943,-0.030135052645131406,-0.04231985592057767,0.017518021858770567
-0.0378806397098451,0.05502717391304351,-0.046960855767211374,0.0048248854837541376,-0.013143833104080647,-0.0062748999921590646,0.04611415672363764,-0.02965132657446921,-0.05429806505684659,-0.03412790200432341,-0.056484048353250625,-0.02114005342015996,-0.04651162790697679,0.001132540581351401,-0.011702480125452325,-0.0005290828830848973,-0.004321988114532592,0.04619831346495131,-0.018711724105178528,-0.0518837532631029,0.01966473243068986,0.02952029520295216,-0.03685040971857777,0.03129251700680266,-0.002577319504596725,-0.025074128677322366,0.10552763819095476,-0.0882078109553174,-0.037125333276262405,0.03964766345164481,-0.035930735930735855,-0.03555426982065983,-0.0012274140250647094,-0.13441948404616424,-0.05533873517776738,0.017534097788955542,-0.0071273472710357754,0.04681978798586582,-0.07101069432223525,-0.05874861767915605,-0.16346646640791104,0.019776483233018137,-0.025210092949836147,-0.04715273848385933,0.03284497054851087,0.017366098612464662
-0.003727559456880542,-0.02222222222222224,0.0006103938054999942,0.02039796019900493,0.005774168235045172,0.004825404484813998,-0.006981652865724951,0.0014595496551198905,-0.006552404868133863,0.012866074149314382,-0.018450649074668243,-0.0017827930848189604,0.013114754098360668,0.018343542369028427,0.012926347279253594,0.013398294529349375,0.0005399568034556161,-0.005321770682148063,0.020279039913676834,-0.006291396612933867,-0.004208514218469222,-0.0105655686761965,-0.0036116728747230156,0.03732809430255405,0.0,0.003407564743298572,-0.0324254215304799,-0.012921525573928979,0.007487704433497538,0.00916625927542557,0.016183986371379855,0.0015873159486009965,0.04006276669531674,0.015374331550802168,-0.015855891891891974,0.013252364687930554,0.011335753850118776,-0.005328596802841963,0.04544303180303426,0.004526525439072968,-0.027320632046815434,-0.0008605851979347301,-0.0011046736913663008,-0.004371548110326115,-0.014351665812403823,-0.11764706383106595
-0.0014933300149329101,0.07036797934151064,0.006067984104004402,-0.009036144578313239,0.009780334182671341,0.011781261611149525,-0.009672131147541039,0.016003343619066895,-0.020982287713955605,0.012537612838515547,0.024424236363636387,-0.006470528887213126,-0.006600660066006607,0.04189598644076024,-0.00943922820655194,0.032654418448072604,-0.012575122330501754,-0.00730994152046794,0.024374817980373595,0.005686912154201909,-0.016118388157894768,0.039402985074626876,-0.001591665437828592,0.011650485436893185,0.0174105413105413,-0.013818563510758417,0.031407035175879394,0.01106434505421048,0.0017702596380803188,0.02010260992739982,-0.09361905419744095,-0.037735909519854886,-0.04173477734309411,0.07022995649471715,0.01874119452824638,0.04934383029417917,-0.030628339122197666,-0.024567788898999052,0.05878134021916384,-0.008030644131581475,-0.0464731999767392,-0.0038876889848812038,0.005913135814659602,-0.009933811626195754,0.037493833251109915,-0.060533516905159575
-0.024999973852041467,-0.010437051532941954,-0.017126994951666186,0.0104321416011991,-0.03665571616509567,-0.023249196326061917,-0.025210084033613446,-0.033503011026293626,-0.007969302681992392,-0.030846131842945643,-0.011897473468630808,-0.014396112211589342,-0.011686143572620935,-0.028670636547503243,-0.004742036526752491,-0.02537109122145474,-0.08353092911913101,0.01203659123736158,-0.035737704918032784,-0.014840440267128292,-0.020134262420612795,-0.0066106374165046805,-0.02461088322954263,-0.013114754098360609,-0.008298755186722042,-0.025749963347509394,0.0579881656804733,-0.018571396825396706,-0.03417412530512626,-0.014756856998400208,-0.06129505684626779,-0.04164713708240321,-0.03845340981516899,-0.011949685534591163,-0.012168932993237897,0.0012233309817663723,-0.030086159372705815,0.008122743682310456,-0.10993227105517718,-0.022010818466502168,-0.06853027917587019,-0.001297534545954239,-0.010154407199344498,-0.02218879277924031,0.0019694240260670678,0.09394686732323658
0.04506694385059545,0.04782608695652182,0.04006520062256695,0.016897880445399548,0.01732061671737027,0.0034324657732396637,0.05360265712744802,0.02360246425677986,0.03690036900369004,0.020921224902986445,0.025227170165155226,0.028923460096411554,0.03852327447833069,0.0072516678752719485,0.0381004024684734,-0.004159410673147127,0.02484113372854613,-0.07784120394395433,0.00829130249687207,0.0703610452811661,0.06023336676863346,0.023474294397048488,0.044752923881136907,0.04508453350031313,0.021854480857148896,0.03707909547495659,-0.173611111111111,0.09378592176866755,0.03266430539157819,0.031525849872810006,0.04259342369112264,0.04427550553740309,0.0322779605263158,0.1151919374063403,0.031878030773456946,0.020205495883373382,0.06279528939498101,-0.11133400200601799,0.01463471860230918,0.04642475904616222,0.13170831761274393,-0.03168232931726916,0.03769089372385359,0.04865835246302855,0.01646493946731239,-0.020025115562165963
0.01298391440250069,0.021276655241540647,0.020812147388490743,0.010821303825057846,0.007907603165827157,0.016319695657859082,0.014113235063509536,0.022662870200844606,0.009792429400538606,-0.010054533060668088,0.033063589595375704,0.017626888588628514,0.0071713147410358445,0.02302513324522021,-0.01636220432845411,0.024184000943953978,-0.027909679334916736,-0.041058887088060395,0.025969975424545585,0.03868258007592484,0.010299687568674042,0.017300980392156846,0.013551284896583412,0.03094660194174756,0.024665073081608,0.005654829352065808,-0.02564102564102573,0.06959320035340996,0.022128169672346227,-0.004221190197501379,-0.0607429216867468,-0.012834047433155199,-0.017530689825977632,-0.04781335276967926,0.024670462994254797,0.028286124069421745,0.005909075757575805,-0.08134490238611713,0.06522540374158767,0.014030147316730966,0.03230924613856794,-0.018636363636363642,0.02066746313900219,0.01341330744793498,0.016666666666666736,-0.0653332888888888
-0.031242200285534403,-0.023646608587429997,-0.03458624984697847,0.007670181799128396,-0.056725084364454496,-0.0410076754835291,-0.00015686951558573092,-0.061198153317586414,-0.011980431711574677,-0.04301461226500584,0.0,-0.020950792371743195,-0.02032520325203252,-0.058492669666291575,-0.01663426670363181,-0.05948754596868759,0.00590324640476718,0.036439304343534755,-0.06277354637406755,-0.0455281257222094,0.0006238302986951255,-0.015222482435597283,-0.031858136145676834,-0.012907191149354694,-0.026891807379612352,-0.02813951162790689,0.03835616438356168,-0.06226905386801553,-0.06039590126080004,-0.03949100309385691,0.017751527724283664,-0.005770767069727125,0.055595145582616426,-0.03188922792483565,0.0,-0.05014848855495374,0.0049751543803663294,0.05046343975283215,-0.19991205335283366,-0.05475395755172116,-0.07902897916738362,0.019170753455193923,-0.02370953302289018,-0.02719361856417694,-0.013513562428260842,0.1262135922330097
-0.05493073502484969,-0.14458689458689467,-0.06029746289314651,-0.09386476140534872,-0.021839046901837477,-0.07189949764521175,-0.047994707429322686,-0.08656087058887367,-0.050007797018291514,-0.0761285209664981,-0.06069891867447259,-0.06584597766962488,-0.11312217194570134,-0.09979381443298976,-0.07159833630421877,-0.10252868633995824,-0.1035831270358308,0.09386801444018802,-0.10057410259032766,-0.11779904721774875,-0.0672436728613957,-0.06816760475297048,-0.05650317962210292,-0.16214285714285712,-0.07243460764587525,-0.0630407648197586,0.12048192771084347,-0.20136630574494116,-0.06450905594028966,-0.04926344609868548,-0.0979968650783362,-0.06106988299919621,-0.06380832014256749,-0.17622087756546362,-0.06095378490332683,-0.07737200823365974,-0.08117366197795162,0.1361209964412811,-0.36843164122680205,-0.05896184248700965,-0.1842705570449666,0.04957627118644075,-0.053603954778350574,-0.04946723556060732,-0.06969529841531735,0.2057371502613911
0.02474492283813981,0.0007117437722421041,0.02209260158477015,0.001047668936616007,0.007496724128149922,0.0160642266315794,0.0037661699688881097,0.033378416779431645,0.01333133578512604,0.019136960959417713,-0.007723200207975278,0.015140807374201622,-0.010978956999085179,0.03731641450344553,-0.017533191201137055,0.048317353794272495,0.06630175995731402,-0.0690872919818458,0.03174311448146021,0.05539289897510983,0.03002899677200499,0.004358593048480108,0.02610492512918781,0.015471167369901591,0.02068968733367201,0.02577068882466288,-0.08638743455497395,0.06826863462762577,0.03419335154996222,0.018526887416488367,-0.0021703201302223614,0.018037974398133327,-0.010620220449438384,-0.02021660649819503,-0.003959611088566821,0.0502413910244949,0.019811503435053588,-0.0944498539435249,0.07990400590337704,0.028913848202396817,0.06644600221220154,-0.03327495621716294,0.030687749610093355,0.025583908994583043,0.002060741885625869,-0.08232616678907655
-0.13425925537444286,-0.21645021645021645,-0.14500762835149983,-0.07828739267962039,-0.09512764760177861,-0.13221402588317593,-0.07859415539728286,-0.18714865794638072,-0.13082660077675629,-0.1157630102574837,-0.04797982325848465,-0.1327690876004181,-0.0919080919080919,-0.16945215090751387,-0.11043977474186725,-0.18727678989457122,-0.12295088797814219,0.18462171052631587,-0.1917075616219797,-0.25628452655685235,-0.09164603131314643,-0.14387457264957257,-0.1357816183325197,-0.22112494632889662,-0.1273602739726027,-0.142228398471989,0.28397375820056237,-0.4036184945275854,-0.19653609437750993,-0.11542333669354829,-0.08731557006987783,-0.11130652560764069,-0.16580834814819478,-0.3253588516746412,-0.058689062500000146,-0.1666666910026427,-0.08437281558605655,0.24318349299926312,-0.7435649613899615,-0.19531605275125066,-0.4975212818696886,0.10184821077467558,-0.118172404300863,-0.1322417716204869,-0.09723001146240735,0.3716119696990008
0.08450328476821192,0.16666666666666657,0.0923276321072418,0.08459152016546015,0.07510734317902472,0.08687317428531371,0.05428428351902929,0.12385650659496819,0.08888539627407652,0.08010783747352199,0.01755722043684265,0.09125210690346855,0.09900990099009899,0.0915224838263384,0.08338458461538462,0.11322250593824235,0.09852216748768461,-0.19802961566648355,0.11650298558351546,0.15927835462057616,0.06861451308649083,0.11974921630094046,0.08606614716240853,0.14444199544486086,0.09574827265656939,0.09329014716887013,-0.3320848938826467,0.224090134764469,0.11229948502006487,0.09818181818181819,0.05937841287458376,0.07843137381998656,0.05450467997262237,0.22592592592592597,0.024172518563500174,0.09135707321292916,0.07321769545950046,-0.31364956437560504,0.31162793746941586,0.11509056106457631,0.2241758561465994,-0.09801381692573401,0.08475303661372366,0.08172709785169252,0.09048842722424529,-0.4764294268856295
0.03105746999634154,0.03683113273106332,0.037506755797477045,0.02642839164359419,0.019264983001457063,0.05063677986658579,0.055231182818860386,0.0581086415425824,0.01935278026646721,0.05289078778439586,0.0324963018832177,0.04148006676867448,0.027145359019264494,0.06247536328685793,0.032162058834898234,0.06114106929676505,0.07093821510297495,-0.05674128353676645,0.06447627513732083,0.04878651510697447,0.038510132575757576,0.030395195720656857,0.030162818722370935,0.05288428084336509,0.03520665488393581,0.04502143878037145,-0.056728232189973575,0.08339952210644126,0.05376341977651275,0.005874333749404959,0.04097929531775973,0.024502039977933602,0.007113301077999796,0.016751638747268784,0.028891367681785303,0.03950486073184059,0.038888948816869766,-0.09312169312169322,0.17003675845453095,0.03775413212955926,0.0604026822249864,-0.024778761061946843,0.027122032706529655,0.021870248868778176,0.021137391991072455,-0.23323143621084785
